District,OperatingExpenditures,County,Address,City and Zip Code,Superintendent,Four Year Longitudinal Graduation Rate - Class of 2016,Letter Grade of 4 year Graduation Rate 2016,Four Year Graduation Rate Numerator - Class of 2016,Four Year Graduation Rate Denominator - Class of 2016,Four Year Graduation Rate - Similar District Average,Four Year Graduation Rate - Statewide Average
Manchester Local,10886372.5,Adams,130 Wayne Frye Dr,"Manchester, OH, 45144-9314",Brian E. Rau,95.4,A,62,65,90.6,83.6
Manchester Local,10886372.5,Summit,6075 Manchester Rd,"Akron, OH, 44319-4654",James E. Robinson,99.0,A,102,103,95.3,83.6
Akron City,308589847.59000003,Summit,70 N Broadway St,"Akron, OH, 44308-1911",David W. James,74.3,F,1185,1595,74.8,83.6
Alliance City,33607819.61,Stark,200 Glamorgan St,"Alliance, OH, 44601-2946",Jeffery S. Talbert,88.6,C,179,202,82.7,83.6
Ashland City,31063168.4,Ashland,PO Box 160,"Ashland, OH, 44805-0160",Douglas J. Marrah,94.2,A,226,240,92.6,83.6
Ashtabula Area City,39764973.29,Ashtabula,2630 W 13th St,"Ashtabula, OH, 44004-2405",Melissa D. Watson,78.6,F,217,276,84.8,83.6
Athens City,31768058.39,Athens,25 S Plains Rd,"The Plains, OH, 45780-1333",Thomas J. Gibbs,89.1,B,179,201,93.6,83.6
Barberton City,43194820.69,Summit,479 Norton Ave,"Barberton, OH, 44203-1737",Jeffrey M. Ramnytz,86.7,C,247,285,86.8,83.6
Bay Village City,31675527.65,Cuyahoga,377 Dover Center Rd,"Bay Village, OH, 44140-2304",Clinton L. Keener,98.3,A,172,175,96.8,83.6
Beachwood City,29830835.939999998,Cuyahoga,24601 Fairmount Blvd,"Beachwood, OH, 44122-2298",Robert P. Hardis,97.6,A,120,123,96.3,83.6
Bedford City,46990972.47,Cuyahoga,475 Northfield Rd,"Bedford, OH, 44146-2201",Andrea Celico,84.0,C,247,294,85.0,83.6
Bellaire Local,13214083.26,Belmont,340 34th St,"Bellaire, OH, 43906-1589",Darren C. Jenkins,83.1,D,74,89,92.2,83.6
Bellefontaine City,26148868.73,Logan,820 Ludlow Rd,"Bellefontaine, OH, 43311-1852",Bradley J. Hall,93.8,A,165,176,91.0,83.6
Bellevue City,19456840.17,Huron,125 North St,"Bellevue, OH, 44811-1423",Kim M. Schubert,96.2,A,153,159,93.8,83.6
Belpre City,10751411.27,Washington,2014 Rockland Ave,"Belpre, OH, 45714-1118",Dwight A. Dunn,85.5,C,65,76,92.6,83.6
Berea City,76379778.41,Cuyahoga,390 Fair St,"Berea, OH, 44017-2308",Michael R. Sheppard,91.7,B,486,530,92.5,83.6
Bexley City,33245295.21,Franklin,348 S Cassingham Rd,"Bexley, OH, 43209-1897",Kimberly P. Miller,95.0,A,152,160,96.7,83.6
Bowling Green City School District,30476976.1,Wood,137 Clough St,"Bowling Green, OH, 43402-2901",Francis R. Scruci,94.2,A,227,241,93.5,83.6
Brecksville-Broadview Heights City,46759561.370000005,Cuyahoga,6638 Mill Rd,"Brecksville, OH, 44141-1512",Joelle M. Magyar,97.0,A,360,371,96.4,83.6
Brooklyn City,15887352.120000001,Cuyahoga,9200 Biddulph Rd,"Brooklyn, OH, 44144-2614",Mark G. Gleichauf,91.5,B,118,129,91.3,83.6
Brunswick City,70924182.25,Medina,3643 Center Rd,"Brunswick, OH, 44212-3619",Michael D. Mayell,95.0,A,550,579,93.7,83.6
Bryan City,20976680.28,Williams,1350 Fountain Grove Dr,"Bryan, OH, 43506-8733",Diana L. Savage,93.7,A,118,126,93.8,83.6
Bucyrus City,15118641.32,Crawford,170 Plymouth St,"Bucyrus, OH, 44820-1627",Kevin D. Kimmel,86.0,C,74,86,89.3,83.6
Cambridge City,22160750.509999998,Guernsey,518 S 8th St,"Cambridge, OH, 43725-8865",Daniel A. Coffman,81.2,D,125,154,91.1,83.6
Campbell City,14975424.73,Mahoning,280 6th St,"Campbell, OH, 44405-1325",Matthew L. Bowen,85.9,C,73,85,82.8,83.6
Canton City,117388787.01,Stark,1312 5th St SW,"Canton, OH, 44707-4657",Adrian E. Allison,76.2,F,493,647,78.7,83.6
Celina City,32651055.08,Mercer,585 E Livingston St,"Celina, OH, 45822-1742",Kenneth J. Schmiesing,91.9,B,181,197,93.3,83.6
Centerville City,96893237.04,Montgomery,111 Virginia Ave,"Centerville, OH, 45458-2249",Thomas J. Henderson,95.1,A,674,709,95.7,83.6
Chillicothe City,29422533.759999998,Ross,425 Yoctangee Pkwy,"Chillicothe, OH, 45601-1663",Jon C. Saxton,83.8,D,218,260,85.3,83.6
Cincinnati City,487463112.19000006,Hamilton,PO Box 5381,"Cincinnati, OH, 45201-5381",Catherine L. Mitchell,72.8,F,1584,2176,73.1,83.6
Circleville City,23635403.53,Pickaway,388 Clark Dr,"Circleville, OH, 43113-1517",Jonathan E. Davis,94.0,A,156,166,88.0,83.6
Claymont City,21954703.8,Tuscarawas,201 N 3rd St,"Dennison, OH, 44621-1237",John A. Rocchi,88.0,C,139,158,91.7,83.6
Cleveland Municipal,652259963.12,Cuyahoga,1111 Superior Ave E,"Cleveland, OH, 44114-2522",Eric S. Gordon,72.1,F,1937,2687,73.4,83.6
Cleveland Heights-University Heights City,103112280.62,Cuyahoga,2155 Miramar Blvd,"University Heights, OH, 44118-3301",Talisa L. Dixon,85.6,C,334,390,91.2,83.6
Columbus City School District,741732367.9000001,,,,,,,,,,
Conneaut Area City,17880523.4,Ashtabula,230 Gateway Ave,"Conneaut, OH, 44030-2355",Lori A. Riley,86.9,C,106,122,90.0,83.6
Coshocton City,16770015.57,Coshocton,1207 Cambridge Rd,"Coshocton, OH, 43812-2742",David L. Hire,94.5,A,103,109,87.3,83.6
Cuyahoga Falls City,49756540.510000005,Summit,PO Box 396,"Cuyahoga Falls, OH, 44222-0396",Todd M. Nichols,90.0,B,333,370,91.5,83.6
Dayton City,198898767.54000002,Montgomery,115 S Ludlow St,"Dayton, OH, 45402-1812",Rhonda A. Corr,72.6,F,717,988,76.6,83.6
Deer Park Community City,14727889.65,Hamilton,4131 Matson Ave,"Cincinnati, OH, 45236-2509",Jack W. Phillips III,94.5,A,86,91,92.7,83.6
Defiance City,23710054.689999998,Defiance,629 Arabella St,"Defiance, OH, 43512-2856",Michael R. Struble,87.3,C,158,181,89.7,83.6
Delaware City,54484300.55,Delaware,74 W William St,"Delaware, OH, 43015-2339",Paul A. Craft,92.6,B,311,336,93.4,83.6
Delphos City,10018083.31,Allen,234 N Jefferson St,"Delphos, OH, 45833-1690",Kevin J. Wolfe,95.4,A,83,87,91.7,83.6
Dover City,24937181.47,Tuscarawas,219 W 6th St,"Dover, OH, 44622-2803",Carla J. Birney,91.3,B,178,195,93.8,83.6
East Cleveland City School District,42169645.620000005,Cuyahoga,1843 Stanwood Rd,"East Cleveland, OH, 44112-2901",Myrna L. Corley,68.0,F,153,225,78.9,83.6
East Liverpool City,26278427.3,Columbiana,810 W 8th St,"East Liverpool, OH, 43920-2302",Randy L. Taylor,89.9,B,125,139,89.5,83.6
East Palestine City,11112550.129999999,Columbiana,200 West North Avenue,"East Palestine, OH, 44413-1779",Traci J. Hostetler,94.0,A,78,83,92.3,83.6
Eaton Community City,20413855.259999998,Preble,306 Eaton Lewisburg Rd,"Eaton, OH, 45320-1105",Barbara L. Curry,92.1,B,152,165,93.7,83.6
Elyria City Schools,66876297.72,Lorain,42101 Griswold Rd,"Elyria, OH, 44035-2117",Thomas G. Jama,84.8,C,385,454,84.1,83.6
Euclid City,73692627.49,Cuyahoga,651 E 222nd St,"Euclid, OH, 44123-2031",Charles A. Smialek,75.2,F,348,463,81.6,83.6
Fairborn City,37509296.11,Greene,306 E Whittier Ave,"Fairborn, OH, 45324-5313",Mark O. North,89.3,B,226,253,87.0,83.6
Fairview Park City,22765416.799999997,Cuyahoga,21620 Mastick Rd # A,"Fairview Park, OH, 44126-3047",William W. Wagner,93.1,A,134,144,93.8,83.6
Findlay City,63444881.57,Hancock,2019 Broad Ave,"Findlay, OH, 45840-2749",Edward P. Kurt,91.8,B,326,355,91.8,83.6
Fostoria City,18969649.79,Seneca,1001 Park Ave,"Fostoria, OH, 44830-1455",Andrew R. Sprang,86.0,C,117,136,85.9,83.6
Franklin City,30895623.97,Warren,150 E 6th St,"Franklin, OH, 45005-2559",Michael D. Sander,93.1,A,189,203,91.1,83.6
Fremont City,41895543.01,Sandusky,500 W State St,"Fremont, OH, 43420-2572",Jon C. Detwiler,93.4,A,271,290,85.2,83.6
Galion City,19021559.84,Crawford,470 Portland Way N,"Galion, OH, 44833-1115",James M. Grubbs,85.6,C,119,139,92.0,83.6
Gallipolis City,20551742.67,Gallia,61 State St,"Gallipolis, OH, 45631-1131",Craig D. Wright,88.7,C,118,133,93.0,83.6
Garfield Heights City Schools,41076685.3,Cuyahoga,5640 Briarcliff Dr,"Garfield Heights, OH, 44125-4158",Terrance S. Olszewski,82.5,D,260,315,81.5,83.6
Geneva Area City,22299926.89,Ashtabula,135 S Eagle St,"Geneva, OH, 44041-1513",Eric M. Kujala,92.6,B,174,188,90.3,83.6
Girard City School District,16530205.04,Trumbull,100 W Main St Ste 2,"Girard, OH, 44420-2598",David M. Cappuzzello,90.1,B,109,121,90.5,83.6
Grandview Heights Schools,17043664.55,Franklin,1587 W 3rd Ave,"Columbus, OH, 43212-2825",Andrew K. Culp,95.8,A,69,72,96.9,83.6
Winton Woods City,48218736.730000004,Hamilton,1215 W Kemper Rd,"Cincinnati, OH, 45240-1617",Anthony G. Smith,83.2,D,258,310,83.7,83.6
Greenville City,25346553.96,Darke,215 W 4th St,"Greenville, OH, 45331-1423",Douglas W. Fries,90.4,B,206,228,91.8,83.6
Hamilton City,103231121.75999999,Butler,PO Box 627,"Hamilton, OH, 45012-0627",Anthony T. Orr,76.4,F,444,581,84.6,83.6
Heath City,16876288.04,Licking,107 Lancaster Dr,"Heath, OH, 43056-1220",Trevor R. Thomas,92.4,B,122,132,93.5,83.6
Hillsboro City,25602931.98,Highland,39 Willetsville Pike,"Hillsboro, OH, 45133-8277",Brian T. Davis,88.7,C,204,230,91.4,83.6
Huron City Schools,14315647.4,Erie,712 Cleveland Rd E,"Huron, OH, 44839-1871",Dennis M. Muratori,94.7,A,107,113,96.3,83.6
Ironton City,14639634.35,Lawrence,105 S 5th St,"Ironton, OH, 45638-1426",William D. Nance,98.1,A,102,104,87.2,83.6
Jackson City,24613610.060000002,Jackson,450 Vaughn St,"Jackson, OH, 45640-1944",Phillip R. Howard,97.2,A,172,177,92.8,83.6
Kent City,44916350.089999996,Portage,321 N Depeyster St,"Kent, OH, 44240-2514",George J. Joseph,93.7,A,268,286,93.3,83.6
Kenton City,21088806.08,Hardin,222 W Carrol St,"Kenton, OH, 43326-1202",Jennifer M. Penczarski,92.1,B,128,139,90.5,83.6
Kettering City School District,95244059.28999999,Montgomery,3750 Far Hills Ave,"Kettering, OH, 45429-2506",L Scott S. Inskeep,92.5,B,505,546,92.3,83.6
Lakewood City,69918429.67,Cuyahoga,1470 Warren Rd,"Lakewood, OH, 44107-3918",Jeffrey W. Patterson,84.6,C,296,350,92.3,83.6
Lancaster City,64220686.57,Fairfield,345 E Mulberry St,"Lancaster, OH, 43130-3166",Steven M. Wigton,91.4,B,402,440,92.1,83.6
Lebanon City,47465169.72,Warren,700 Holbrook Ave,"Lebanon, OH, 45036-1648",Todd Yohey,94.3,A,410,435,93.7,83.6
Lima City,47970835.23,Allen,755 Saint Johns Ave,"Lima, OH, 45804-1552",Jill A. Ackerman,69.2,F,173,250,82.0,83.6
Lockland Local,6652833.15,Hamilton,210 N Cooper Ave,"Cincinnati, OH, 45215-3011",Frederick T. Jebens,74.5,F,38,51,83.9,83.6
Logan-Hocking Local,39726561.730000004,Hocking,2019 E Front St,"Logan, OH, 43138",Monte D. Bainter II,95.9,A,304,317,93.2,83.6
London City,19408107.25,Madison,380 Elm St 2nd Fl,"London, OH, 43140-9220",Louis A. Kramer,92.9,B,117,126,93.3,83.6
Lorain City,84770639.87,Lorain,2601 Pole Ave,"Lorain, OH, 44052-4301",Jeffrey M. Graham,71.4,F,409,573,78.8,83.6
Loveland City,47288274.25,Hamilton,757 S Lebanon Rd,"Loveland, OH, 45140-9308",Amy C. Crouse,96.3,A,308,320,95.9,83.6
Madeira City,18208038.990000002,Hamilton,7465 Loannes Dr,"Cincinnati, OH, 45243-1851",Kenji Matsudo,97.3,A,109,112,96.8,83.6
Mansfield City,47447347.730000004,Richland,PO Box 1448,"Mansfield, OH, 44901-1448",Brian K. Garverick,65.5,F,148,226,84.5,83.6
Maple Heights City,41781533.480000004,Cuyahoga,5740 Lawn Ave,"Maple Heights, OH, 44137-3870",Charles T. Keenan,78.6,F,198,252,79.7,83.6
Mariemont City,21616655.47,Hamilton,2 Warrior Way,"Cincinnati, OH, 45227-3600",Steven E. Estepp,97.6,A,120,123,96.7,83.6
Marietta City,26001922.410000004,Washington,111 Academy Dr,"Marietta, OH, 45750-8053",William T. Hampton,81.7,D,183,224,92.3,83.6
Marion City,55309512.510000005,Marion,420 Presidential Dr,"Marion, OH, 43302-5173",Stephen P. Fujii,88.8,C,231,260,83.2,83.6
Martins Ferry City,14139268.120000001,Belmont,5001 Ayers Limestone Rd,"Martins Ferry, OH, 43935-1588",James Fogle,91.6,B,87,95,92.6,83.6
Massillon City,42162395.03,Stark,930 17th St NE,"Massillon, OH, 44646-4853",Richard D. Goodright,86.6,C,264,305,84.0,83.6
Maumee City,30657579.259999998,Lucas,716 Askin St,"Maumee, OH, 43537-3602",Todd M. Cramer,97.5,A,199,204,93.2,83.6
Mayfield City,60282524.660000004,Cuyahoga,1101 S.O.M. Center Road,"Mayfield Heights, OH, 44124-2006",KEITH W. KELLY,93.3,A,320,343,95.4,83.6
Medina City SD,76149631.44,Medina,739 Weymouth Rd,"Medina, OH, 44256-2037",Aaron J. Sable,96.8,A,536,554,94.9,83.6
Miamisburg City,55689149.120000005,Montgomery,540 E. Park Ave,"Miamisburg, OH, 45342-2854",David S. Vail,93.7,A,340,363,93.3,83.6
Middletown City,61401991.14,Butler,1 Donham Plz 4th Fl,"Middletown, OH, 45042-1932",Marlon J. Styles,90.0,B,307,341,79.8,83.6
Mt Healthy City,36027144.129999995,Hamilton,7615 Harrison Ave,"Cincinnati, OH, 45231-3107",Reva C. Cosby,79.3,D,184,232,88.3,83.6
Mount Vernon City,39142002.25,Knox,300 Newark Rd,"Mount Vernon, OH, 43050-4510",William D. Seder,93.1,A,268,288,91.9,83.6
Napoleon Area City,19767843.58,Henry,701 Briarheath Ave Ste 108,"Napoleon, OH, 43545-1251",Stephen R. Fogo,92.9,B,143,154,93.6,83.6
Nelsonville-York City,14129148.85,Athens,2 Buckeye Dr,"Nelsonville, OH, 45764-9591",Charles D. McClelland,90.3,B,84,93,90.8,83.6
Newark City,65042525.769999996,Licking,621 Mount Vernon Rd,"Newark, OH, 43055-4615",Douglas C. Ute,84.5,C,288,341,89.0,83.6
New Boston Local,4597585.5600000005,Scioto,#1 Glenwood Tiger Trail,"New Boston, OH, 45662",Melinda M. Burnside,89.3,B,25,28,87.9,83.6
New Lexington School District,22083745.060000002,Perry,2549 Panther Drive,"New Lexington, OH, 43764-0630",Casey H. Coffey,78.5,F,84,107,91.3,83.6
New Philadelphia City,29092618.05,Tuscarawas,248 Front Ave SW,"New Philadelphia, OH, 44663-2150",David J. Brand,88.9,C,201,226,92.6,83.6
Niles City,25218788.16,Trumbull,309 N Rhodes Ave,"Niles, OH, 44446-3821",Ann Marie A. Thigpen,79.3,D,161,203,90.0,83.6
North Canton City,44712188.54,Stark,525 7th St NE,"North Canton, OH, 44720-2012",Jeff S. Wendorf,95.1,A,310,326,94.9,83.6
North College Hill City,14714714.56,Hamilton,1731 Goodman Ave,"Cincinnati, OH, 45239-4844",Eugene E. Blalock,83.2,D,89,107,81.4,83.6
North Olmsted City,56636536.91,Cuyahoga,26669 Butternut Ridge Rd,"North Olmsted, OH, 44070-3154",Michael E. Zalar,93.2,A,317,340,93.5,83.6
North Ridgeville City,37478078.9,Lorain,5490 Mills Creek Ln,"North Ridgeville, OH, 44039-2339",James E. Powell,90.9,B,289,318,94.2,83.6
North Royalton City,47947628.75,Cuyahoga,6579 Royalton Rd,"North Royalton, OH, 44133-4925",Gregory J. Gurka,95.7,A,377,394,95.1,83.6
Norton City,23617990.07,Summit,4128 Cleveland Massillon Rd,"Norton, OH, 44203-5633",Dana W. Addis,94.7,A,177,187,93.9,83.6
Norwalk City,25806416.13,Huron,134 Benedict Ave,"Norwalk, OH, 44857-2349",George E. Fisk,96.2,A,200,208,90.4,83.6
Norwood City,26103989.029999997,Hamilton,2132 Williams Ave,"Norwood, OH, 45212-3806",Katherine S. Sabo,82.4,D,122,148,88.9,83.6
Oakwood City,26219566.540000003,Montgomery,20 Rubicon Rd,"Dayton, OH, 45409-2239",KYLE B. RAMEY,99.4,A,178,179,96.8,83.6
Oberlin City Schools,13423666.98,Lorain,153 N Main St,"Oberlin, OH, 44074-1173",David H. Hall,89.2,B,83,93,92.5,83.6
Oregon City,41791200.77,Lucas,5721 Seaman St,"Oregon, OH, 43616-2631",Hal D. Gregory,93.5,A,260,278,91.5,83.6
Orrville City,15909196.870000001,Wayne,815 N Ella St,"Orrville, OH, 44667-1154",James J. Ritchie,91.9,B,102,111,90.7,83.6
Painesville City Local,35527285.94,Lake,58 Jefferson St,"Painesville, OH, 44077-3114",John T. Shepard,71.8,F,158,220,79.8,83.6
Parma City,142678744.78,Cuyahoga,5311 Longwood Avenue,"Parma, OH, 44134-0932",Carl H. Hilling,87.7,C,787,897,89.6,83.6
Piqua City,36696724.129999995,Miami,719 E Ash St,"Piqua, OH, 45356-2411",Dwayne A. Thompson,87.5,C,244,279,90.8,83.6
Port Clinton City,20562903.79,Ottawa,811 Jefferson St,"Port Clinton, OH, 43452-2415",Patrick D. Adkins,93.0,A,146,157,91.8,83.6
Portsmouth City,22754598.12,Scioto,724 Findlay St,"Portsmouth, OH, 45662-4113",Gary S. Dutey,79.6,D,90,113,86.4,83.6
Princeton City,73037440.54,Hamilton,3900 Cottingham Dr,"Cincinnati, OH, 45241-1616",Thomas S. Tucker,85.3,C,307,360,88.6,83.6
Ravenna City,26833214.47,Portage,507 E Main St,"Ravenna, OH, 44266-3257",Dennis M. Honkala,85.8,C,188,219,86.4,83.6
Reading Community City,16333090.079999998,Hamilton,1301 Bonnell St,"Reading, OH, 45215-3322",Charles R. Lafata,90.5,B,95,105,89.0,83.6
Rocky River City,36149479.98,Cuyahoga,1101 Morewood Pkwy,"Rocky River, OH, 44116-1439",Michael G. Shoaf,99.1,A,211,213,96.0,83.6
St Bernard-Elmwood Place City,12211613.85,Hamilton,105 Washington Ave,"Saint Bernard, OH, 45217-1317",Mary Eleanor E. Webb,84.9,C,62,73,83.8,83.6
St Marys City,20493622.45,Auglaize,100 W Spring St,"Saint Marys, OH, 45885-2312",Howard A. Overman,96.2,A,153,159,93.3,83.6
Salem City,19079260.4,Columbiana,1226 E State St,"Salem, OH, 44460-2222",Joseph A. Shivers,89.2,B,148,166,90.1,83.6
Sandusky City,43597292.65,Erie,407 Decatur St,"Sandusky, OH, 44870-2442",Eugene T. Sanders,76.1,F,156,205,82.0,83.6
Shaker Heights City,89332545.37,Cuyahoga,15600 Parkland Dr,"Shaker Heights, OH, 44120-2529",Gregory C. Hutchings,91.6,B,427,466,94.8,83.6
Sheffield-Sheffield Lake City,18678506.21,Lorain,1824 Harris Rd,"Sheffield Village, OH, 44054-2628",Michael F. Cook,92.7,B,139,150,93.6,83.6
Shelby City,19314511.23,Richland,25 High School Ave,"Shelby, OH, 44875-1576",Timothy S. Tarvin,86.0,C,117,136,92.8,83.6
Sidney City,31804562.54,Shelby,750 S 4th Ave,"Sidney, OH, 45365-1163",John F. Scheu,83.2,D,223,268,90.4,83.6
South Euclid-Lyndhurst City,55778575.79,Cuyahoga,5044 Mayfield Rd,"Lyndhurst, OH, 44124-2605",Linda N. Reid,81.0,D,265,327,91.2,83.6
South-Western City,233375619.28,Franklin,3805 Marlane Dr,"Grove City, OH, 43123-9224",William H. Wise,86.5,C,1347,1557,88.0,83.6
Springfield City School District,94220226.1,Clark,1500 W Jefferson St,"Springfield, OH, 45506-1224",Robert F. Hill,75.4,F,364,483,79.5,83.6
Steubenville City,25643953.759999998,Jefferson,PO Box 189,"Steubenville, OH, 43952-5189",Melinda M. Young,96.8,A,152,157,82.1,83.6
Stow-Munroe Falls City School District,57142899.72,Summit,4350 Allen Rd,"Stow, OH, 44224-1032",Thomas P. Bratten,94.3,A,413,438,95.1,83.6
Strongsville City,68113829.0,Cuyahoga,18199 Cook Ave,"Strongsville, OH, 44136-5216",Cameron M. Ryba,94.9,A,467,492,95.1,83.6
Struthers City,20118842.39,Mahoning,99 Euclid Ave,"Struthers, OH, 44471-1831",Peter J. Pirone,91.2,B,125,137,89.9,83.6
Sycamore Community City,73491992.02,Hamilton,5959 Hagewa Dr,"Blue Ash, OH, 45242-6240",Frank A. Forsthoefel,96.0,A,388,404,96.5,83.6
Sylvania Schools,85077476.10000001,Lucas,4747 N Holland Sylvania Rd,"Sylvania, OH, 43560-2116",Adam D. Fineske,94.5,A,529,560,95.4,83.6
Tallmadge City,27105904.9,Summit,486 East Ave,"Tallmadge, OH, 44278-2000",Jeffrey M. Ferguson,96.4,A,189,196,92.9,83.6
Tiffin City,21384484.77,Seneca,244 S Monroe St,"Tiffin, OH, 44883-2906",Gary A. Barber,96.1,A,196,204,91.2,83.6
Toledo City,309748363.38,Lucas,1609 N Summit St,"Toledo, OH, 43604-1806",Romules L. Durant,72.1,F,1017,1411,76.3,83.6
Toronto City,7867544.6899999995,Jefferson,1307 Dennis Way,"Toronto, OH, 43964-1952",Maureen R. Taggart,87.7,C,57,65,91.6,83.6
Troy City,44669107.11,Miami,500 N Market St,"Troy, OH, 45373-1418",Eric J. Herman,94.7,A,322,340,92.7,83.6
Upper Arlington City,86780285.41,Franklin,1950 N Mallway Dr,"Upper Arlington, OH, 43221-4398",Paul W. Imhoff,97.5,A,431,442,96.9,83.6
Urbana City,22479231.64,Champaign,711 Wood St,"Urbana, OH, 43078-1498",Charles B. Thiel,88.3,C,106,120,90.5,83.6
Vandalia-Butler City,30783642.159999996,Montgomery,500 S Dixie Dr,"Vandalia, OH, 45377-2128",Robert M. O'Leary,91.6,B,251,274,93.9,83.6
Van Wert City,21569658.35,Van Wert,205 W Crawford St,"Van Wert, OH, 45891-1903",Staci A. Kaufman,99.2,A,119,120,92.2,83.6
Wadsworth City,43193824.43,Medina,524 Broad St,"Wadsworth, OH, 44281-2306",Andrew J. Hill,95.2,A,360,378,94.1,83.6
Wapakoneta City,25004203.19,Auglaize,1102 Gardenia Dr,"Wapakoneta, OH, 45895-1063",Keith W. Horner,95.3,A,202,212,93.3,83.6
Warren City,65573706.68000001,Trumbull,105 High Street,"Warren, OH, 44481",Stephen G. Chiaro,86.0,C,276,321,79.8,83.6
Warrensville Heights City,28024188.57,Cuyahoga,4500 Warrensville Center Rd,"Warrensville Heights, OH, 44128-4134",Donald J. Jolly,76.9,F,83,108,88.4,83.6
Washington Court House City,19911188.439999998,Fayette,306 Highland Ave,"Washington Court Hou, OH, 43160-1819",Thomas S. Bailey,88.4,C,145,164,89.7,83.6
Wellston City,18764504.12,Jackson,1 E Broadway St,"Wellston, OH, 45692-1225",Karen P. Boch,93.8,A,137,146,90.9,83.6
Wellsville Local,9521116.07,Columbiana,929 Center St,"Wellsville, OH, 43968-1423",Richard E. Bereschik,86.8,C,46,53,91.7,83.6
Westerville City,159467351.9,Franklin,936 Eastwind Dr Ste 200,"Westerville, OH, 43081-3319",John R. Kellogg,90.5,B,990,1094,92.9,83.6
West Carrollton City,42750311.45,Montgomery,430 E Pease Ave,"West Carrollton, OH, 45449-1357",Andrea Townsend,88.9,C,217,244,89.0,83.6
Westlake City,49153920.05,Cuyahoga,24525 Hilliard Blvd,"Westlake, OH, 44145-3518",Scott E. Goggin,96.9,A,316,326,96.4,83.6
Whitehall City,37059117.72,Franklin,625 S Yearling Rd,"Whitehall, OH, 43213-2861",Brian D. Hamler,77.0,F,157,204,86.5,83.6
Wickliffe City,18894909.2,Lake,2221 Rockefeller Rd,"Wickliffe, OH, 44092-2020",Joseph G. Spiccia,89.4,B,110,123,93.5,83.6
Willard City,17596451.07,Huron,110 S Myrtle Ave,"Willard, OH, 44890-1425",Jeffery R. Ritz,91.2,B,104,114,90.4,83.6
Willoughby-Eastlake City,90930675.19,Lake,37047 Ridge Rd,"Willoughby, OH, 44094-4130",Stephen L. Thompson,92.9,B,637,686,92.2,83.6
Wilmington City,25552789.61,Clinton,341 S Nelson Ave,"Wilmington, OH, 45177-2034",Melinda A. Mccarty-Stewart,85.9,C,177,206,91.0,83.6
Wooster City,40050147.68,Wayne,144 N Market St,"Wooster, OH, 44691-4810",Michael L. Tefs,94.6,A,280,296,91.9,83.6
Worthington City,127956685.28,Franklin,200 E Wilson Bridge Rd,"Worthington, OH, 43085-2332",Trent H. Bowers,94.9,A,686,723,94.9,83.6
Wyoming City,25506628.76,Hamilton,420 Springfield Pike,"Wyoming, OH, 45215-4298",Susan K. Lang,98.8,A,160,162,96.4,83.6
Xenia Community City,47180181.11,Greene,819 Colorado Dr,"Xenia, OH, 45385-4859",Gabriel E. Lofton,84.9,C,282,332,89.5,83.6
Youngstown City,92708071.37,Mahoning,PO Box 550,"Youngstown, OH, 44501-0550",Joseph S. Meranto,73.8,F,242,328,79.1,83.6
Zanesville City,40468716.32,Muskingum,956 Moxahala Ave,"Zanesville, OH, 43701-5533",Charles D. Baker,82.8,D,169,204,84.6,83.6
Ada Exempted Village,8611488.35,Hardin,725 W North Ave,"Ada, OH, 45810-1176",Meri C. Skilliter,91.4,B,64,70,94.8,83.6
Amherst Exempted Village,36131426.05,Lorain,185 Forest St,"Amherst, OH, 44001-1605",Steven A. Sayers,91.9,B,307,334,93.8,83.6
Barnesville Exempted Village,12769652.32,Belmont,210 W Church St,"Barnesville, OH, 43713-1069",Angela J. Hannahs,94.8,A,91,96,93.7,83.6
Bluffton Exempted Village,9997176.33,Allen,102 S Jackson St,"Bluffton, OH, 45817-1218",Gregory J. Denecker,96.3,A,78,81,96.4,83.6
Bradford Exempted Village,5771113.27,Miami,760 Railroad Ave,"Bradford, OH, 45308-8605",Joseph E. Hurst,100.0,A,43,43,93.4,83.6
Bridgeport Exempted Village,7875401.630000001,Belmont,55781 National Rd,"Bridgeport, OH, 43912-1528",Zachary E. Shutler,92.6,B,63,68,91.4,83.6
Harrison Hills City,16429792.059999999,Harrison,730 Peppard Ave,"Cadiz, OH, 43907-1067",Dana L. Snider,87.1,C,122,140,92.7,83.6
Caldwell Exempted Village,9078127.05,Noble,516 Fairground St,"Caldwell, OH, 43724-1175",Kacey R. Cottrill,94.5,A,52,55,92.4,83.6
Carey Exempted Village Schools,8745306.51,Wyandot,2016 Blue Devil Drive,"Carey, OH, 43316-1282",Michael A. Wank,86.6,C,58,67,94.5,83.6
Carrollton Exempted Village,21591214.92,Carroll,252 3rd St NE,"Carrollton, OH, 44615-1236",David P. Quattrochi,92.5,B,185,200,92.0,83.6
Chagrin Falls Exempted Village,26816036.26,Cuyahoga,400 E Washington St,"Chagrin Falls, OH, 44022-2924",Robert W. Hunt,98.8,A,167,169,97.0,83.6
Chesapeake Union Exempted Village,12640231.969999999,Lawrence,10183 County Road 1,"Chesapeake, OH, 45619-7032",Jerry L. McConnell,97.4,A,113,116,92.8,83.6
Clyde-Green Springs Exempted Village,21473355.1,Sandusky,106 S Main St,"Clyde, OH, 43410-1633",Dennis M. Haft,97.5,A,155,159,92.2,83.6
Coldwater Exempted Village,13819483.07,Mercer,310 N 2nd St,"Coldwater, OH, 45828-1242",Jason E. Wood,100.0,A,101,101,95.0,83.6
Columbiana Exempted Village,9642834.84,Columbiana,700 Columbiana Waterford Rd,"Columbiana, OH, 44408-9499",Donald J. Mook,97.4,A,76,78,94.7,83.6
Covington Exempted Village,8774730.28,Miami,807 Chestnut St,"Covington, OH, 45318-1760",CHARLES E. GOODING,100.0,A,62,62,93.3,83.6
Crestline Exempted Village,7510934.4,Crawford,401 Heiser Ct,"Crestline, OH, 44827-1360",Noreen L. Mullens,91.5,B,43,47,89.1,83.6
Crooksville Exempted Village,12156796.68,Perry,4065 Ceramic Way,"Crooksville, OH, 43731-1013",Matthew L. Sheridan,89.1,B,82,92,90.1,83.6
Fairport Harbor Exempted Village,7314863.92,Lake,329 Vine St,"Fairport Harbor, OH, 44077-5741",Domenic A. Paolo,86.4,C,38,44,96.7,83.6
Georgetown Exempted Village,9838482.52,Brown,1043 Mount Orab Pike,"Georgetown, OH, 45121-8440",Christopher J. Burrows,94.9,A,75,79,92.3,83.6
Gibsonburg Exempted Village,9108646.87,Sandusky,301 S Sunset Ave,"Gibsonburg, OH, 43431-1264",Timothy W. Murray,97.6,A,81,83,94.6,83.6
Granville Exempted Village,30669782.759999998,Licking,PO Box 417,"Granville, OH, 43023-0417",Jeffrey R. Brown,96.6,A,199,206,96.8,83.6
Greenfield Exempted Village,22892189.95,Highland,200 N 5th St,"Greenfield, OH, 45123-1373",James J. Wills,77.7,F,115,148,92.3,83.6
Hicksville Exempted Village,10213400.33,Defiance,958 E High St,"Hicksville, OH, 43526-1258",Keith L. Countryman,91.2,B,52,57,94.1,83.6
Hubbard Exempted Village,17628835.5,Trumbull,108 Orchard Ave,"Hubbard, OH, 44425-1724",Raymond W. Soloman,96.1,A,173,180,93.4,83.6
Indian Hill Exempted Village,33852866.73,Hamilton,6855 Drake Rd,"Cincinnati, OH, 45243-2737",Mark T. Miles,96.8,A,150,155,97.2,83.6
Leetonia Exempted Village,7644059.16,Columbiana,450 Walnut St,"Leetonia, OH, 44431-1075",Robert A. Mehno,93.3,A,56,60,93.0,83.6
Lisbon Exempted Village,8896988.559999999,Columbiana,317 N Market St,"Lisbon, OH, 44432-1145",Joseph E. Siefke,90.8,B,79,87,93.2,83.6
Loudonville-Perrysville Exempted Village,12107931.99,Ashland,210 E Main St,"Loudonville, OH, 44842-1245",Catherine M. Puster,93.0,A,80,86,94.3,83.6
Marysville Exempted Village,50102900.72,Union,1000 Edgewood Dr,"Marysville, OH, 43040-2105",Diane M. Mankins,91.9,B,384,418,94.0,83.6
Mechanicsburg Exempted Village,7856087.74,Champaign,60 High St,"Mechanicsburg, OH, 43044-1071",Danielle M. Prohaska,98.5,A,64,65,94.5,83.6
Mentor Exempted Village,95728079.41,Lake,6451 Center St,"Mentor, OH, 44060-4109",William M. Porter,93.6,A,625,668,93.9,83.6
Milford Exempted Village,64682973.28,Clermont,777 Garfield Ave,"Milford, OH, 45150-1607",Nancy C. House,96.5,A,473,490,94.3,83.6
Milton-Union Exempted Village,13530543.51,Miami,7610 Milton Potsdam Rd,"West Milton, OH, 45383-9602",Brad M. Ritchey,97.2,A,105,108,94.0,83.6
Montpelier Exempted Village,9813529.18,Williams,PO Box 193,"Montpelier, OH, 43543-0193",Jamison J. Grime,88.1,C,74,84,93.5,83.6
Mount Gilead Exempted Village,12351178.44,Morrow,145 N Cherry St,"Mount Gilead, OH, 43338-1266",Jeffrey D. Thompson,97.5,A,78,80,94.1,83.6
Newcomerstown Exempted Village,11971580.39,Tuscarawas,702 S River St,"Newcomerstown, OH, 43832-1450",Jeffery S. Staggs,90.8,B,69,76,90.6,83.6
New Richmond Exempted Village,25417315.11,Clermont,212 Market St Fl 3RD,"New Richmond, OH, 45157-1373",Adam C. Bird,96.1,A,173,180,92.7,83.6
Newton Falls Exempted Village,10743849.85,Trumbull,909 1/2 Milton Blvd,"Newton Falls, OH, 44444-9707",Paul J. Woodard,93.3,A,83,89,92.5,83.6
Paulding Exempted Village,15799933.420000002,Paulding,405 N Water St,"Paulding, OH, 45879-1251",Kenneth D. Amstutz,91.3,B,84,92,92.9,83.6
Perrysburg Exempted Village,51289758.58,Wood,140 E Indiana Ave,"Perrysburg, OH, 43551-2261",Thomas L. Hosler,96.2,A,356,370,96.6,83.6
Rittman Exempted Village,9909259.74,Wayne,100 Saurer St,"Rittman, OH, 44270-1259",James J. Ritchie,95.1,A,58,61,93.3,83.6
Rossford Exempted Village,21216095.85,Wood,401 Glenwood Rd,"Rossford, OH, 43460-1317",Daniel Creps,89.7,B,105,117,93.3,83.6
Tipp City Exempted Village,22644741.06,Miami,90 S Tippecanoe Dr,"Tipp City, OH, 45371-1139",Gretta H. Kumpf,97.1,A,200,206,95.6,83.6
Upper Sandusky Exempted Village,16674926.15,Wyandot,800 N Sandusky Ave,"Upper Sandusky, OH, 43351-1032",Laurie C. Vent,94.4,A,136,144,93.8,83.6
Versailles Exempted Village,12811160.399999999,Darke,PO Box 313,"Versailles, OH, 45380-0313",Aaron M. Moran,100.0,A,107,107,96.8,83.6
Wauseon Exempted Village,17763614.29,Fulton,930 E Oak St,"Wauseon, OH, 43567-1350",Larry C. Brown,95.6,A,152,159,92.2,83.6
Wellington Exempted Village,11802332.559999999,Lorain,305 Union St,"Wellington, OH, 44090-1072",Edward J. Weber,88.4,C,99,112,95.2,83.6
Windham Exempted Village,8341963.2700000005,Portage,9530 Bauer Ave,"Windham, OH, 44288-1004",Gregory C. Isler,86.3,C,44,51,90.9,83.6
Yellow Springs Exempted Village,8190648.710000001,Greene,201 S Walnut St,"Yellow Springs, OH, 45387-1805",Mario Basora,100.0,A,44,44,95.9,83.6
Allen East Local,9679050.23,Allen,9105 Harding Hwy,"Harrod, OH, 45850",Mel L. Rentschler,93.8,A,90,96,94.9,83.6
Bath Local,15644494.059999999,Allen,2650 Bible Rd,"Lima, OH, 45801-2246",Richard D. Dackin,91.1,B,123,135,90.8,83.6
Elida Local,20892191.23,Allen,4380 Sunnydale St,"Elida, OH, 45807-9593",Joel W. Mengerink,89.2,B,166,186,90.4,83.6
Perry Local,8460114.76,Allen,2770 E Breese Rd,"Lima, OH, 45806-9743",Alison R. Van Gorder,85.5,C,47,55,88.3,83.6
Perry Local,8460114.76,Lake,4325 Manchester Ave,"Perry, OH, 44081-9413",Jack K. Thompson,92.8,B,128,138,94.1,83.6
Perry Local,8460114.76,Stark,4201 13th St SW,"Massillon, OH, 44646-3447",Scott A. Beatty,97.2,A,383,394,92.3,83.6
Shawnee Local,24377065.79,Allen,3255 Zurmehly Rd,"Lima, OH, 45806-1434",James D. Kanable,93.5,A,158,169,92.8,83.6
Spencerville Local,9457309.96,Allen,2500 Wisher Dr,"Spencerville, OH, 45887-1293",Dennis A. Fuge,91.5,B,54,59,94.3,83.6
Hillsdale Local,9678060.52,Ashland,485 Township Road 1902,"Jeromesville, OH, 44840-9754",Steven E. Dickerson,95.7,A,67,70,95.5,83.6
Mapleton Local,8196294.01,Ashland,635 County Road 801,"Ashland, OH, 44805-9571",Rodney G. Hopton,90.8,B,69,76,93.4,83.6
Buckeye Local,16523238.2,Ashtabula,3436 Edgewood Dr,"Ashtabula, OH, 44004-5967",Patrick E. Colucci,88.5,C,146,165,91.8,83.6
Buckeye Local,16523238.2,Jefferson,6899 State Highway 150,"Dillonvale, OH, 43917-7904",Kimberly D. Leonard,89.6,B,138,154,91.3,83.6
Buckeye Local,16523238.2,Medina,3044 Columbia Rd,"Medina, OH, 44256-9411",Kent J. Morgan,94.8,A,183,193,95.8,83.6
Grand Valley Local,12062597.68,Ashtabula,111 Grand Valley Ave West,"Orwell, OH, 44076-9420",William R. Nye,90.3,B,84,93,93.7,83.6
Jefferson Area Local,13882130.91,Ashtabula,121 S Poplar St,"Jefferson, OH, 44047-1328",John C. Montanaro,91.7,B,122,133,93.7,83.6
Pymatuning Valley Local,13354545.27,Ashtabula,PO Box 1180,"Andover, OH, 44003-1180",Michael A. Candela,90.8,B,89,98,91.4,83.6
Alexander Local,15946950.690000001,Athens,6091 Ayers Rd,"Albany, OH, 45710-9492",Lindy L. Douglas,96.5,A,110,114,93.1,83.6
Federal Hocking Local,12677841.17,Athens,PO Box 117,"Stewart, OH, 45778-0117",George H. Wood,91.4,B,64,70,87.8,83.6
Trimble Local,11351502.46,Athens,1 Tomcat Dr,"Glouster, OH, 45732-9335",Scott L. Christman,91.4,B,53,58,88.3,83.6
Minster Local,8199506.6899999995,Auglaize,50 E 7th St,"Minster, OH, 45865-1095",Brenda A. Boeke,97.0,A,65,67,96.4,83.6
New Bremen Local,8337537.99,Auglaize,901 E Monroe St,"New Bremen, OH, 45869-9685",Jason A. Schrader,96.9,A,63,65,96.4,83.6
New Knoxville Local,4490945.51,Auglaize,345 S Main St,"New Knoxville, OH, 45871-0476",Kimberly S. Waterman,100.0,A,32,32,95.7,83.6
Waynesfield-Goshen Local,6325682.8100000005,Auglaize,500 N Westminster St,"Waynesfield, OH, 45896-9448",J. Chris Pfister,96.2,A,51,53,96.2,83.6
St Clairsville-Richland City,15229477.399999999,Belmont,108 Woodrow Ave,"Saint Clairsville, OH, 43950-1567",Walter E. Skaggs,97.2,A,138,142,93.9,83.6
Shadyside Local,6550784.37,Belmont,3890 Lincoln Ave,"Shadyside, OH, 43947-1319",John M. Haswell,92.4,B,61,66,95.5,83.6
Union Local,13926269.52,Belmont,66779 Belmont Morristown Rd,"Belmont, OH, 43718-9568",Robert B. Porter,87.0,C,114,131,93.5,83.6
Eastern Local,13303896.850000001,Brown,11479 US Highway 62,"Winchester, OH, 45697-9690",Michele R. Filon,91.2,B,83,91,94.1,83.6
Eastern Local,13303896.850000001,Meigs,50008 State Route 681,"Reedsville, OH, 45772-9022",Steven P. Ohlinger,97.3,A,36,37,93.8,83.6
Eastern Local,13303896.850000001,Pike,1170 Tile Mill Rd,"Beaver, OH, 45613-9435",Neil E. Leist,88.3,C,53,60,88.4,83.6
Fayetteville-Perry Local,7981026.82,Brown,551 S Apple St,"Fayetteville, OH, 45118-8461",James J. Brady,95.1,A,58,61,93.8,83.6
Western Brown Local,26852820.22,Brown,524 W Main St,"Mount Orab, OH, 45154-8262",Raegan L. White,89.7,B,217,242,93.0,83.6
Ripley-Union-Lewis-Huntington Local,9711928.51,Brown,PO Box 85,"Ripley, OH, 45167-0085",James L. Wilkins II,89.7,B,78,87,91.9,83.6
Edgewood City,35544299.22,Butler,3440 Busenbark Rd,"Trenton, OH, 45067-7612",Simon R. Fussnecker Jr,90.7,B,245,270,92.6,83.6
Fairfield City,81140854.28,Butler,4641 Bach Ln,"Fairfield, OH, 45014-1900",Billy J. Smith,92.8,B,725,781,90.6,83.6
Lakota Local,163436569.07,Butler,5572 Princeton Rd,"Liberty Township, OH, 45011-9726",Matthew J. Miller,94.0,A,1195,1271,95.3,83.6
Lakota Local,163436569.07,Sandusky,5200 County Road 13,"Kansas, OH, 44841-9617",Chad D. Coffman,97.4,A,74,76,94.7,83.6
Madison Local,14443828.69,Butler,1324 Middletown Eaton Rd,"Middletown, OH, 45042-1525",Charles C. Philpot,94.2,A,113,120,93.8,83.6
Madison Local,14443828.69,Lake,1956 Red Bird Rd,"Madison, OH, 44057-2122",Angela M. Smith,89.1,B,238,267,94.0,83.6
Madison Local,14443828.69,Richland,1379 Grace St,"Mansfield, OH, 44905-2742",Shelley L. Hilderbrand,90.3,B,186,206,90.9,83.6
New Miami Local,9156774.290000001,Butler,600 Seven Mile Ave,"Hamilton, OH, 45011-5748",Rhonda J. Parker,75.4,F,46,61,90.0,83.6
Ross Local,24021363.59,Butler,3371 Hamilton Cleves Rd,"Hamilton, OH, 45013-9535",Scott M. Gates,98.1,A,211,215,94.6,83.6
Talawanda City,34030554.22,Butler,131 W Chestnut St,"Oxford, OH, 45056-2619",Kelly L. Spivey,91.2,B,228,250,93.0,83.6
Brown Local,6577502.84,Carroll,3242 Coral Rd NW,"Malvern, OH, 44644-9467",Scott M. Bowling,95.8,A,46,48,92.3,83.6
Graham Local,17276351.82,Champaign,7790 US Highway 36,"Saint Paris, OH, 43072-9496",Kirk Koennecke,92.8,B,141,152,93.9,83.6
Triad Local,8215554.710000001,Champaign,7920 Brush Lake Rd,"North Lewisburg, OH, 43060-9617",Christopher M. Piper,91.9,B,57,62,95.5,83.6
West Liberty-Salem Local,12820074.39,Champaign,7208 US Highway 68 N,"West Liberty, OH, 43357-9663",Kraig E. Hissong,100.0,A,82,82,95.4,83.6
Greenon Local,14734048.67,Clark,500 Enon Xenia Pike,"Enon, OH, 45323-1759",Bradley K. Silvus,93.4,A,113,121,94.9,83.6
Tecumseh Local,29689654.43,Clark,9760 W National Rd,"New Carlisle, OH, 45344-9290",Norm W. Glismann,88.6,C,225,254,90.3,83.6
Northeastern Local,29984145.08,Clark,1414 Bowman Rd,"Springfield, OH, 45502-8826",John P. Kronour,95.5,A,275,288,93.1,83.6
Northeastern Local,29984145.08,Defiance,5921 Domersville Rd,"Defiance, OH, 43512-9121",James C. Roach,98.8,A,82,83,94.8,83.6
Northwestern Local,16372726.76,Clark,5610 Troy Rd,"Springfield, OH, 45502-9032",Jesse D. Steiner,95.3,A,141,148,94.8,83.6
Northwestern Local,16372726.76,Wayne,7571 N Elyria Rd,"West Salem, OH, 44287-9707",Jeffrey N. Layton,94.4,A,85,90,93.3,83.6
Southeastern Local,8620286.03,Clark,226 Clifton Rd,"South Charleston, OH, 45368-9602",David M. Shea,92.6,B,50,54,94.9,83.6
Southeastern Local,8620286.03,Ross,2003 Lancaster Rd,"Chillicothe, OH, 45601-8213",Brian Justice,89.7,B,87,97,93.4,83.6
Clark-Shawnee Local,19642330.62,Clark,3680 Selma Rd,"Springfield, OH, 45502-6310",Gregg E. Morris,97.4,A,187,192,92.1,83.6
Batavia Local,19256718.18,Clermont,800 Bauer Ave,"Batavia, OH, 45103-1990",Keith D. Millard,94.9,A,129,136,93.4,83.6
Bethel-Tate Local,13057675.36,Clermont,675 West Plane Street,"Bethel, OH, 45106",Melissa A. Kircher,94.1,A,95,101,94.2,83.6
Clermont Northeastern Local,16514671.309999999,Clermont,2792 Us Highway 50,"Batavia, OH, 45103-8532",Joseph M. Brandt,89.4,B,118,132,93.8,83.6
Felicity-Franklin Local,9699108.68,Clermont,PO Box 619,"Felicity, OH, 45120-0619",David R. Gibson,88.9,C,72,81,91.6,83.6
Goshen Local,29139872.97,Clermont,6694 Goshen Rd,"Goshen, OH, 45122-9273",Darrell Edwards,97.6,A,166,170,91.5,83.6
West Clermont Local,68598512.14,Clermont,4350 Aicholtz Rd,"Cincinnati, OH, 45245-1505",Keith Kline,92.7,B,569,614,92.9,83.6
Williamsburg Local,8619263.469999999,Clermont,549A W Main St,"Williamsburg, OH, 45176-1110",Matthew D. Earley,93.2,A,82,88,93.2,83.6
Blanchester Local,15959542.969999999,Clinton,951 Cherry St.,"Blanchester, OH, 45107-7846",Dean D. Lynch,94.4,A,134,142,92.0,83.6
Clinton-Massie Local,15731397.84,Clinton,2556 Lebanon Rd,"Clarksville, OH, 45113-8201",Matthew P. Baker,92.2,B,119,129,95.4,83.6
East Clinton Local,12976352.11,Clinton,97 Astro Way,"Sabina, OH, 45169-9521",Eric B. Magee,92.9,B,104,112,91.3,83.6
Beaver Local,18114846.21,Columbiana,46088 Bell School Rd,"East Liverpool, OH, 43920-8774",Eric N. Lowe,87.3,C,131,150,93.2,83.6
Crestview Local,12340109.81,Columbiana,44100 Crestview Rd Ste A,"Columbiana, OH, 44408-9660",Matthew T. Manley,98.9,A,94,95,94.5,83.6
Crestview Local,12340109.81,Richland,1575 State Route 96,"Ashland, OH, 44805-9262",Larry R. Dunlap,98.8,A,85,86,93.8,83.6
Crestview Local,12340109.81,Van Wert,531 E Tully St,"Convoy, OH, 45832-8864",Michael Y. Estes,98.2,A,54,55,94.8,83.6
Southern Local,11171991.41,Columbiana,38095 State Route 39,"Salineville, OH, 43945-9726",John S. Wilson,92.2,B,59,64,91.8,83.6
Southern Local,11171991.41,Meigs,920 Elm St,"Racine, OH, 45771-8902",Anthony W. Deem,83.6,D,46,55,92.5,83.6
Southern Local,11171991.41,Perry,10397 State Route 155 SE # 1,"Corning, OH, 43730-9710",Ralph G. Holbert,94.9,A,37,39,91.8,83.6
United Local,11907224.59,Columbiana,8143 State Route 9,"Hanoverton, OH, 44423-8618",Lance B. Hostetler,95.4,A,104,109,94.2,83.6
Ridgewood Local,12176196.28,Coshocton,301 S Oak St,"West Lafayette, OH, 43845-1339",Michael A. Masloski,90.8,B,109,120,92.5,83.6
River View Local,21490409.97,Coshocton,26496 State Route 60,"Warsaw, OH, 43844-9714",Harry D. Summers,95.0,A,152,160,90.5,83.6
Buckeye Central Local,8032160.459999999,Crawford,938 S Kibler St,"New Washington, OH, 44854-9521",Mark A. Robinson,96.6,A,57,59,94.4,83.6
Colonel Crawford Local,9066677.299999999,Crawford,2303 State Route 602,"North Robinson, OH, 44827-9711",William T. Martin,98.7,A,75,76,94.5,83.6
Wynford Local,11592104.79,Crawford,3288 Holmes Center Rd,"Bucyrus, OH, 44820-9463",Frederick M. Fox,100.0,A,69,69,94.2,83.6
Cuyahoga Heights Local,13343395.94,Cuyahoga,4820 E 71st St,"Cuyahoga Heights, OH, 44125-1043",Thomas Evans,97.1,A,68,70,93.8,83.6
Independence Local,16196000.64,Cuyahoga,7733 Stone Rd,"Independence, OH, 44131-4813",Benjamin J. Hegedish,97.5,A,77,79,95.2,83.6
Olmsted Falls City,42976958.25,Cuyahoga,PO Box 38010,"Olmsted Falls, OH, 44138-0010",James L. Lloyd,95.7,A,287,300,94.6,83.6
Orange City,47643770.97,Cuyahoga,32000 Chagrin Blvd,"Cleveland, OH, 44124-5922",Edwin S. Holland,96.9,A,157,162,96.9,83.6
Richmond Heights Local,12969425.43,Cuyahoga,447 Richmond Rd,"Richmond Heights, OH, 44143-1429",Renee T. Willis,70.7,F,58,82,85.5,83.6
Solon City,67098305.47,Cuyahoga,33800 Inwood Dr,"Solon, OH, 44139-4133",Joseph V. Regano,96.8,A,448,463,96.7,83.6
Ansonia Local,8320840.17,Darke,PO Box 279,"Ansonia, OH, 45303-0279",James R. Atchley,98.4,A,60,61,94.8,83.6
Arcanum-Butler Local,10064755.379999999,Darke,2011 Trojan Ave,"Arcanum, OH, 45304-1381",Johnathan N. Stephens,98.0,A,98,100,94.5,83.6
Franklin Monroe Local,5878895.34,Darke,PO Box 78,"Pitsburg, OH, 45358-0078",Jeffrey M. Patrick,98.6,A,70,71,95.0,83.6
Mississinawa Valley Local,7848881.22,Darke,1469 State Road 47 E,"Union City, OH, 45390-8628",Douglas E. Dunham,93.8,A,45,48,92.7,83.6
Tri-Village Local,6792224.9799999995,Darke,315 S Main St,"New Madison, OH, 45346-9797",Joshua M. Sagester,95.0,A,57,60,94.1,83.6
Ayersville Local,8300663.62,Defiance,28046 Watson Rd,"Defiance, OH, 43512-8851",Donald F. Diglia,95.9,A,71,74,94.4,83.6
Central Local,10540571.55,Defiance,6289 Us Highway 127,"Sherwood, OH, 43556-9735",Vicki L. Brunn,94.7,A,89,94,94.8,83.6
Northeastern Local,11068010.17,Clark,1414 Bowman Rd,"Springfield, OH, 45502-8826",John P. Kronour,95.5,A,275,288,93.1,83.6
Northeastern Local,11068010.17,Defiance,5921 Domersville Rd,"Defiance, OH, 43512-9121",James C. Roach,98.8,A,82,83,94.8,83.6
Big Walnut Local,37056821.19,Delaware,110 Tippett Ct,"Sunbury, OH, 43074-9334",Angela S. Pollock,95.0,A,211,222,95.8,83.6
Buckeye Valley Local,23072744.46,Delaware,679 Coover Rd,"Delaware, OH, 43015-9562",Andrew J. Miller,97.7,A,169,173,95.9,83.6
Olentangy Local,207924207.35999998,Delaware,7840 Graphics Way,"Lewis Center, OH, 43035-9078",Mark T. Raiff,98.3,A,1243,1265,96.0,83.6
Edison Local (formerly Berlin-Milan),15291881.79,Erie,140 Main St S,"Milan, OH, 44846-9735",Thomas C. Roth,94.9,A,112,118,94.5,83.6
Kelleys Island Local,533176.4299999999,,,,,,,,,,
Margaretta Local,14628601.81,Erie,305 S Washington St,"Castalia, OH, 44824-9263",Dennis R. Mock,94.0,A,78,83,92.8,83.6
Perkins Local,23246123.04,Erie,3714 Campbell St Ste B,"Sandusky, OH, 44870-7232",Jodie Hausmann,95.2,A,178,187,93.8,83.6
Vermilion Local,20991110.15,Erie,1250 Sanford St,"Vermilion, OH, 44089-1577",Philip M. Pempin,93.0,A,173,186,91.9,83.6
Amanda-Clearcreek Local,17249341.34,Fairfield,328 E Main St,"Amanda, OH, 43102-9330",James B. Dick,92.5,B,124,134,94.1,83.6
Berne Union Local,10570303.12,Fairfield,506 N Main St,"Sugar Grove, OH, 43155-0187",Richard R. Spindler,97.3,A,71,73,92.7,83.6
Bloom-Carroll Local,18495957.95,Fairfield,5240 Plum Rd,"Carroll, OH, 43112-9716",Shawn P. Haughn,96.0,A,144,150,96.1,83.6
Fairfield Union Local,20122024.61,Fairfield,6417 Cincinnati Zanesville Rd NE,"Lancaster, OH, 43130-9323",Jon C. Belville,92.6,B,163,176,94.5,83.6
Liberty Union-Thurston Local,13623277.32,Fairfield,1108 S Main St,"Baltimore, OH, 43105-9700",Todd S. Osborn,95.1,A,98,103,94.6,83.6
Pickerington Local,112321805.42,Fairfield,90 East St.,"Pickerington, OH, 43147-1061",Chris M. Briggs,98.1,A,816,832,94.3,83.6
Walnut Township Local,5898877.41,Fairfield,11850 Lancaster St,"Millersport, OH, 43046",Randall J. Cotner,92.7,B,38,41,93.3,83.6
Miami Trace Local,26810441.75,Fayette,3818 State Route 41 NW,"Washington Court House, OH, 43160-9184",David L. Lewis,93.9,A,155,165,91.7,83.6
Canal Winchester Local,39309232.56,Franklin,100 Washington St,"Canal Winchester, OH, 43110-1224",James Sotlar,96.9,A,279,288,93.7,83.6
Hamilton Local,28778713.46,Franklin,775 Rathmell Rd,"Columbus, OH, 43207-4737",Mark M. Tyler,95.4,A,206,216,88.2,83.6
Gahanna-Jefferson City,86813143.84,Franklin,160 S Hamilton Rd,"Gahanna, OH, 43230-2919",Stephen G. Barrett,93.5,A,536,573,95.4,83.6
Groveport Madison Local,66555206.47,Franklin,4400 Marketing Pl Ste B,"Groveport, OH, 43125-2009",Bruce A. Hoover,80.3,D,290,361,84.8,83.6
New Albany-Plain Local,55056240.19,Franklin,55 N High St,"New Albany, OH, 43054-7099",Michael L. Sawyers,97.4,A,305,313,96.8,83.6
Reynoldsburg City,66087728.269999996,Franklin,7244 E Main St,"Reynoldsburg, OH, 43068-2014",Melvin Brown,92.4,B,402,435,88.0,83.6
Hilliard City,183974260.75,Franklin,2140 Atlas St,"Columbus, OH, 43228-9647",John C. Marschhausen,95.3,A,1146,1202,95.1,83.6
Dublin City,194985705.58999997,Franklin,7030 Coffman Rd,"Dublin, OH, 43017-1068",Todd F. Hoadley,97.5,A,1191,1221,95.4,83.6
Archbold-Area Local,12259853.98,Fulton,600 Lafayette St,"Archbold, OH, 43502-1656",Aaron M. Rex,96.8,A,92,95,94.7,83.6
Evergreen Local,14192800.7,Fulton,14544 County Road 6,"Metamora, OH, 43540-9741",James A. Wyse,96.7,A,88,91,94.6,83.6
Fayette Local,5225381.03,Fulton,400 E Gamble Rd,"Fayette, OH, 43521-9462",Erik M. Belcher,97.3,A,36,37,94.4,83.6
Pettisville Local,5106391.46,Fulton,Box 53001,"Pettisville, OH, 43553-0001",Stephen S. Switzer,97.6,A,41,42,96.3,83.6
Pike-Delta-York Local,12907078.94,Fulton,504 Fernwood St,"Delta, OH, 43515-1204",Ted M. Haselman,88.9,C,80,90,93.6,83.6
Swanton Local,13387755.010000002,Fulton,108 N Main St,"Swanton, OH, 43558-1032",Christopher M. Lake,88.6,C,109,123,93.6,83.6
Berkshire Local,13272815.84,Geauga,PO Box 364,"Burton, OH, 44021-0364",John R. Stoddard,89.4,B,101,113,94.5,83.6
Cardinal Local,12538094.23,Geauga,PO Box 188,"Middlefield, OH, 44062-0188",Scott J. Hunt,94.3,A,83,88,94.2,83.6
Chardon Local,32310551.57,Geauga,428 North St,"Chardon, OH, 44024-1036",Michael P. Hanlon,92.9,B,223,240,94.9,83.6
Kenston Local,35664503.62,Geauga,17419 Snyder Rd,"Chagrin Falls, OH, 44023-2730",Nancy R. Santilli,96.4,A,241,250,96.5,83.6
Newbury Local,6614933.1899999995,Geauga,14775 Auburn Rd,"Newbury, OH, 44065-9702",Michelle R. Mrakovich,87.8,C,43,49,96.9,83.6
West Geauga Local,24605818.98,Geauga,8615 Cedar Rd,"Chesterland, OH, 44026-3519",Richard A. Markwardt,93.1,A,189,203,96.4,83.6
Beavercreek City,88662431.96000001,Greene,3040 Kemp Rd,"Beavercreek, OH, 45431-2644",Paul M. Otten,96.3,A,572,594,95.7,83.6
Cedar Cliff Local,5852650.29,Greene,248 N Main St,"Cedarville, OH, 45314-8541",Chad D. Mason,96.1,A,49,51,96.4,83.6
Greeneview Local,12754446.93,Greene,4 S Charleston Rd,"Jamestown, OH, 45335-1557",Isaac W. Seevers,93.2,A,96,103,95.2,83.6
Bellbrook-Sugarcreek Local,27753787.32,Greene,3757 Upper Bellbrook Rd,"Bellbrook, OH, 45305-8750",Keith A. St.Pierre,97.7,A,213,218,96.3,83.6
Rolling Hills Local,17396819.62,Guernsey,PO Box 38,"Byesville, OH, 43723-0038",Ryan D. Caldwell,91.7,B,132,144,90.2,83.6
Finneytown Local,17727441.89,Hamilton,8916 Fontainebleau Ter,"Cincinnati, OH, 45231-4806",Theresa M. Noe,90.4,B,103,114,89.6,83.6
Forest Hills Local,77546448.35,Hamilton,7946 Beechmont Ave,"Cincinnati, OH, 45255-4307",Scot T. Prebles,94.9,A,524,552,96.0,83.6
Northwest Local,83985453.25,Hamilton,3240 Banning Rd,"Cincinnati, OH, 45239-5207",Todd D. Bowling,91.5,B,610,667,87.9,83.6
Northwest Local,83985453.25,Scioto,800 Mohawk Dr,"Mc Dermott, OH, 45652-9000",Anthony T. Jenkins,98.4,A,120,122,89.8,83.6
Northwest Local,83985453.25,Stark,2309 Locust St S,"Canal Fulton, OH, 44614-9389",Michael R. Shreffler,95.1,A,136,143,94.7,83.6
Oak Hills Local,74085659.54,Hamilton,6325 Rapid Run Rd,"Cincinnati, OH, 45233-4555",Jeffrey T. Brandt,94.6,A,609,644,93.8,83.6
Southwest Local,33051154.880000003,Hamilton,230 S Elm St,"Harrison, OH, 45030-1444",John C. Hamstra,95.7,A,268,280,92.3,83.6
Three Rivers Local,19724089.200000003,Hamilton,401 N Miami Ave,"Cleves, OH, 45002-1024",Craig D. Hockenberry,98.0,A,150,153,94.3,83.6
Arcadia Local,6091180.76,Hancock,19033 State Route 12,"Arcadia, OH, 44804-9714",Bruce A. Kidder,98.1,A,51,52,93.6,83.6
Arlington Local,5607949.35,Hancock,336 S Main St,"Arlington, OH, 45814-6700",Kevin S. Haught,100.0,A,48,48,96.5,83.6
Cory-Rawson Local,7120696.49,Hancock,3930 County Road 26,"Rawson, OH, 45881-9609",Robert A. Hlasko,91.3,B,42,46,96.0,83.6
Liberty-Benton Local,12397825.84,Hancock,9190 County Road 9,"Findlay, OH, 45840-8811",Ronald Kowalski,100.0,A,109,109,95.8,83.6
McComb Local,7491441.129999999,Hancock,328 S Todd St,"McComb, OH, 45858-0877",Anthony D. Fenstermaker,91.8,B,45,49,95.1,83.6
Van Buren Local,11846439.59,Hancock,217 S Main St,"Van Buren, OH, 45889-9720",Timothy L. Myers,98.6,A,71,72,95.1,83.6
Vanlue Local,2601854.4699999997,Hancock,PO Box 250,"Vanlue, OH, 45890-0250",Traci L. Conley,100.0,A,17,17,95.8,83.6
Hardin Northern Local,5125235.04,Hardin,11589 State Route 81,"Dola, OH, 45835-9706",Jeffrey S. Price,100.0,A,33,33,96.0,83.6
Ridgemont Local,5679082.88,Hardin,560 Taylor St W,"Mount Victory, OH, 43340-8802",Ellen S. Darmer,91.4,B,32,35,95.0,83.6
Riverdale Local,10205199.280000001,Hancock,20613 State Route 37,"Mt Blanchard, OH, 45867-9783",Jeffrey Young,92.2,B,71,77,95.0,83.6
Upper Scioto Valley Local,5420147.33,Hardin,PO Box 305,"Mc Guffey, OH, 45859-0305",Miklos J. Kis,89.6,B,43,48,93.0,83.6
Conotton Valley Union Local,5138706.75,Harrison,PO Box 187,"Sherrodsville, OH, 44675-0187",Jerry T. Herman,88.9,C,32,36,94.1,83.6
Holgate Local,5309046.44,Henry,801 Joe E Brown Ave,"Holgate, OH, 43527-9802",Kelly J. Meyers,97.0,A,32,33,95.7,83.6
Liberty Center Local,12028703.46,Henry,PO Box 434,"Liberty Center, OH, 43532-0434",Tod A. Hug,92.9,B,78,84,94.8,83.6
Patrick Henry Local,10836737.11,Henry,6900 State Route 18,"Hamler, OH, 43524-9781",Thomas L. Taylor,97.0,A,65,67,94.7,83.6
Bright Local,7993985.2,Highland,PO Box 299,"Mowrystown, OH, 45155-9998",Ted C. Downing,86.9,C,53,61,92.7,83.6
Fairfield Local,9756589.37,Highland,11611 State Route 771,"Leesburg, OH, 45135-8601",William L. Garrett,93.0,A,66,71,94.0,83.6
Lynchburg-Clay Local,11388737.35,Highland,PO Box 515,"Lynchburg, OH, 45142-0515",Brett Justice,86.7,C,85,98,93.6,83.6
East Holmes Local,18431947.25,Holmes,6108 County Road 77,"Millersburg, OH, 44654-9136",Erik H. Beun,89.3,B,67,75,93.5,83.6
West Holmes Local,22494677.67,Holmes,28 W Jackson St,"Millersburg, OH, 44654-1302",William W. Sterling,92.6,B,176,190,92.9,83.6
Monroeville Local,6479882.09,Huron,101 West St,"Monroeville, OH, 44847-9797",Gaylord R. Moore,92.7,B,51,55,94.4,83.6
New London Local,9853151.14,Huron,2 Wildcat Dr,"New London, OH, 44851-9262",Bradley A. Romano,94.2,A,81,86,93.9,83.6
South Central Local,9056778.43,Huron,3305 Greenwich Angling Rd,"Greenwich, OH, 44837-9443",Benjamin H. Chaffee Jr,98.4,A,61,62,92.0,83.6
Western Reserve Local,12805732.93,Huron,3765 US Rt 20,"Collins, OH, 44826",Rodge F. Wilson,95.1,A,98,103,93.5,83.6
Western Reserve Local,12805732.93,Mahoning,13850 W Akron Canfield Rd,"Berlin Center, OH, 44401-9752",Douglas E. Mcglynn,95.2,A,60,63,93.6,83.6
Oak Hill Union Local,12306380.92,Jackson,205 Western Ave,"Oak Hill, OH, 45656-1068",Michael A. McCoy,94.1,A,96,102,93.0,83.6
Buckeye Local,18794993.23,Ashtabula,3436 Edgewood Dr,"Ashtabula, OH, 44004-5967",Patrick E. Colucci,88.5,C,146,165,91.8,83.6
Buckeye Local,18794993.23,Jefferson,6899 State Highway 150,"Dillonvale, OH, 43917-7904",Kimberly D. Leonard,89.6,B,138,154,91.3,83.6
Buckeye Local,18794993.23,Medina,3044 Columbia Rd,"Medina, OH, 44256-9411",Kent J. Morgan,94.8,A,183,193,95.8,83.6
Edison Local,18030000.02,Jefferson,14890 State Route 213,"Hammondsville, OH, 43930-7902",George W. Beattie,92.6,B,125,135,91.7,83.6
Indian Creek Local,17776504.47,Jefferson,587 Bantam Ridge Rd,"Wintersville, OH, 43953-4231",Thomas C. Chappelear,82.7,D,129,156,90.1,83.6
Centerburg Local,10137822.77,Knox,119 S Preston St,"Centerburg, OH, 43011-7058",Michael Hebenthal,94.4,A,84,89,96.2,83.6
Danville Local,7326735.51,Knox,PO Box 30,"Danville, OH, 43014-0030",Jason T. Snively,91.1,B,51,56,93.8,83.6
East Knox Local,8913035.92,Knox,23201 Coshocton Rd,"Howard, OH, 43028-9362",Stephen M. Larcomb,84.9,C,62,73,95.6,83.6
Fredericktown Local,10682283.99,Knox,117 Columbus Rd,"Fredericktown, OH, 43019-1272",Matthew W. Chrispin,95.1,A,78,82,94.4,83.6
Kirtland Local,14592735.33,Lake,9252 Chillicothe Rd,"Kirtland, OH, 44094-9298",William R. Wade,97.8,A,88,90,96.4,83.6
Madison Local,27566552.84,Butler,1324 Middletown Eaton Rd,"Middletown, OH, 45042-1525",Charles C. Philpot,94.2,A,113,120,93.8,83.6
Madison Local,27566552.84,Lake,1956 Red Bird Rd,"Madison, OH, 44057-2122",Angela M. Smith,89.1,B,238,267,94.0,83.6
Madison Local,27566552.84,Richland,1379 Grace St,"Mansfield, OH, 44905-2742",Shelley L. Hilderbrand,90.3,B,186,206,90.9,83.6
Riverside Local,41573221.22,Lake,585 Riverside Dr,"Painesville, OH, 44077-5323",James P. Kalis,88.7,C,299,337,94.3,83.6
Riverside Local,41573221.22,Logan,2096 County Road 24 S,"De Graff, OH, 43318-9406",Scott M. Mann,89.8,B,53,59,94.8,83.6
Perry Local,25175487.55,Allen,2770 E Breese Rd,"Lima, OH, 45806-9743",Alison R. Van Gorder,85.5,C,47,55,88.3,83.6
Perry Local,25175487.55,Lake,4325 Manchester Ave,"Perry, OH, 44081-9413",Jack K. Thompson,92.8,B,128,138,94.1,83.6
Perry Local,25175487.55,Stark,4201 13th St SW,"Massillon, OH, 44646-3447",Scott A. Beatty,97.2,A,383,394,92.3,83.6
Dawson-Bryant Local,12541034.83,Lawrence,222 Lane St,"Coal Grove, OH, 45638-2947",Stephen L. Easterling,95.6,A,87,91,89.0,83.6
Fairland Local,14054332.64,Lawrence,228 Private Drive 10010,"Proctorville, OH, 45669-8600",Roni D. Hayes,93.4,A,127,136,94.7,83.6
Rock Hill Local,18810152.919999998,Lawrence,2325A Co. Rd. 26,"Ironton, OH, 45638-8385",Wesley L. Hairston,95.8,A,114,119,89.3,83.6
South Point Local,15724024.17,Lawrence,302 High St,"South Point, OH, 45680",Mark A. Christian,91.2,B,93,102,87.1,83.6
Symmes Valley Local,9663174.81,Lawrence,14778 State Route 141,"Willow Wood, OH, 45696-9015",Darrell A. Humphreys,95.6,A,65,68,85.3,83.6
Johnstown-Monroe Local,14273438.93,Licking,441 S Main St,"Johnstown, OH, 43031-1297",Dale L. Dickson,93.1,A,122,131,95.9,83.6
Lakewood Local,21897358.240000002,Licking,PO Box 70,"Hebron, OH, 43025-0070",Mary K. Andrews,91.4,B,139,152,92.6,83.6
Licking Heights Local,38173728.57,Licking,6539 Summit Rd SW,"Pataskala, OH, 43062-8767",Philip H. Wagner,95.0,A,208,219,94.0,83.6
Licking Valley Local,18633408.43,Licking,1379 Licking Valley Rd,"Newark, OH, 43055-9450",David L. Hile,94.3,A,164,174,94.3,83.6
North Fork Local,15964191.370000001,Licking,PO Box 497,"Utica, OH, 43080-0497",Scott L. Hartley,94.3,A,115,122,93.7,83.6
Northridge Local,12817264.879999999,Licking,6066 Johnstown Utica Rd,"Johnstown, OH, 43031-9408",Scott A. Schmidt,97.2,A,106,109,95.8,83.6
Northridge Local,12817264.879999999,Montgomery,2008 Timber Ln,"Dayton, OH, 45414-4528",David A. Jackson,87.9,C,102,116,83.4,83.6
Southwest Licking Local,35444018.26,Licking,927-A South Street,"Pataskala, OH, 43062",Robert T. Jennell,89.8,B,299,333,93.7,83.6
Benjamin Logan Local,18099686.91,Logan,4740 County Road 26,"Bellefontaine, OH, 43311-9532",David L. Harmon,97.8,A,132,135,94.2,83.6
Indian Lake Local,16420405.309999999,Logan,6210 State Route 235 N,"Lewistown, OH, 43333-9704",Robert J. Underwood,99.3,A,136,137,91.9,83.6
Riverside Local,6631259.01,Lake,585 Riverside Dr,"Painesville, OH, 44077-5323",James P. Kalis,88.7,C,299,337,94.3,83.6
Riverside Local,6631259.01,Logan,2096 County Road 24 S,"De Graff, OH, 43318-9406",Scott M. Mann,89.8,B,53,59,94.8,83.6
Avon Local,38721255.26,Lorain,36600 Detroit Rd,"Avon, OH, 44011-1507",Michael K. Laub Jr,98.0,A,291,297,96.6,83.6
Avon Lake City,40199577.5,Lorain,175 Avon Belden Rd,"Avon Lake, OH, 44012-1600",Robert D. Scott,96.7,A,262,271,96.2,83.6
Clearview Local,14787587.009999998,Lorain,4700 Broadway,"Lorain, OH, 44052-5542",Jerome M. Davis,89.9,B,134,149,82.0,83.6
Columbia Local,9793610.22,Lorain,25796 Royalton Rd,"Columbia Station, OH, 44028-9441",Graig P. Bansek,100.0,A,86,86,95.7,83.6
Firelands Local,16347897.68,Lorain,112 N Lake St,"South Amherst, OH, 44001-2824",Michael J. Von Gunten,93.5,A,145,155,94.7,83.6
Keystone Local,13808064.309999999,Lorain,PO Box 65,"Lagrange, OH, 44050-0065",Franco Gallo,97.8,A,131,134,94.8,83.6
Midview Local,28770993.48,Lorain,13050 Durkee Rd,"Grafton, OH, 44044-1122",Bruce R. Willingham,93.2,A,233,250,93.2,83.6
Anthony Wayne Local,40965537.95,Lucas,PO Box 2487,"Whitehouse, OH, 43571-0487",James A. Fritz,94.6,A,313,331,95.8,83.6
Ottawa Hills Local,14064280.68,Lucas,3600 Indian Rd,"Toledo, OH, 43606-2425",Kevin S. Miller,100.0,A,76,76,97.8,83.6
Springfield Local,41045485.09,Lucas,6900 Hall St,"Holland, OH, 43528-9485",Matthew K. Geha,92.1,B,268,291,94.1,83.6
Springfield Local,41045485.09,Mahoning,PO Box 549,"New Middletown, OH, 44442-0549",Thomas Yazvac,98.7,A,74,75,94.9,83.6
Springfield Local,41045485.09,Summit,2410 Massillon Rd,"Akron, OH, 44312-4258",Charles Sincere,87.4,C,180,206,89.5,83.6
Washington Local,84338269.64,Lucas,3505 W Lincolnshire Blvd,"Toledo, OH, 43606-1231",Susan M. Hayward,87.6,C,466,532,88.8,83.6
Jefferson Local,13419553.07,Madison,906 W Main St,"West Jefferson, OH, 43162-1144",William R. Mullett,97.7,A,84,86,94.2,83.6
Jonathan Alder Local,20620481.49,Madison,9200 US Route 42 S,"Plain City, OH, 43064",Gary L. Chapman,96.8,A,152,157,95.4,83.6
Madison-Plains Local,13955375.58,Madison,55 Linson Rd,"London, OH, 43140-9751",Timothy Dettwiller,89.0,B,89,100,92.8,83.6
Austintown Local Schools,43560270.06,Mahoning,700 S Raccoon Rd,"Youngstown, OH, 44515-3536",Vincent S. Colaluca,92.5,B,393,425,92.1,83.6
Boardman Local,42340302.61,Mahoning,7410 Market St,"Youngstown, OH, 44512-5612",Timothy L. Saxton,96.4,A,323,335,93.6,83.6
Canfield Local,26153241.32,Mahoning,100 Wadsworth St,"Canfield, OH, 44406-1451",Alex G. Geordan,97.6,A,206,211,95.9,83.6
Jackson-Milton Local,8815426.34,Mahoning,13910 Mahoning Ave,"North Jackson, OH, 44451-9616",Kirk W. Baker,100.0,A,56,56,94.2,83.6
Lowellville Local,5470855.4,Mahoning,52 Rocket Place,"Lowellville, OH, 44436",Eugene M. Thomas,100.0,A,54,54,94.6,83.6
Poland Local,19893582.68,Mahoning,3199 Dobbins Rd,"Poland, OH, 44514-2327",David R. Janofa,98.4,A,182,185,95.8,83.6
Sebring Local,5731305.6899999995,Mahoning,510 N 14th St,"Sebring, OH, 44672-1400",Antoinette C. Viscounte,87.5,C,42,48,91.5,83.6
South Range Local,12704083.25,Mahoning,11300 Columbiana Canfield Rd Ste B,"Canfield, OH, 44406-8485",Dennis J. Dunham,95.6,A,108,113,95.4,83.6
Springfield Local,10570701.19,Lucas,6900 Hall St,"Holland, OH, 43528-9485",Matthew K. Geha,92.1,B,268,291,94.1,83.6
Springfield Local,10570701.19,Mahoning,PO Box 549,"New Middletown, OH, 44442-0549",Thomas Yazvac,98.7,A,74,75,94.9,83.6
Springfield Local,10570701.19,Summit,2410 Massillon Rd,"Akron, OH, 44312-4258",Charles Sincere,87.4,C,180,206,89.5,83.6
West Branch Local,20257686.669999998,Mahoning,14277 S Main St,"Beloit, OH, 44609-9504",Timothy E. Saxton,94.0,A,140,149,94.1,83.6
Western Reserve Local,6309720.37,Huron,3765 US Rt 20,"Collins, OH, 44826",Rodge F. Wilson,95.1,A,98,103,93.5,83.6
Western Reserve Local,6309720.37,Mahoning,13850 W Akron Canfield Rd,"Berlin Center, OH, 44401-9752",Douglas E. Mcglynn,95.2,A,60,63,93.6,83.6
Elgin Local,11025232.620000001,Marion,1239 Keener Rd S,"Marion, OH, 43302-1110",Bruce M. Gast,95.6,A,87,91,92.3,83.6
Pleasant Local,9912593.5,Marion,1107 Owens Rd W,"Marion, OH, 43302-8421",Jennifer L. Adams,100.0,A,83,83,95.0,83.6
Ridgedale Local,7562238.18,Marion,3103 Hillman Ford Rd,"Morral, OH, 43337-9302",Robert A. Britton,90.7,B,39,43,94.1,83.6
River Valley Local,18394706.619999997,Marion,197 Brockelsby Road,"Caledonia, OH, 43314",James P. Peterson,97.1,A,136,140,93.6,83.6
Black River Local,12865540.530000001,Medina,257A County Road 40,"Sullivan, OH, 44880-9731",Chris A. Clark,90.2,B,101,112,94.7,83.6
Buckeye Local,21557488.619999997,Ashtabula,3436 Edgewood Dr,"Ashtabula, OH, 44004-5967",Patrick E. Colucci,88.5,C,146,165,91.8,83.6
Buckeye Local,21557488.619999997,Jefferson,6899 State Highway 150,"Dillonvale, OH, 43917-7904",Kimberly D. Leonard,89.6,B,138,154,91.3,83.6
Buckeye Local,21557488.619999997,Medina,3044 Columbia Rd,"Medina, OH, 44256-9411",Kent J. Morgan,94.8,A,183,193,95.8,83.6
Cloverleaf Local,26258180.82,Medina,8525 Friendsville Rd,"Lodi, OH, 44254-9706",Daryl G. Kubilus Jr,86.3,C,195,226,94.3,83.6
Highland Local,29691433.35,Medina,3880 Ridge Rd,"Medina, OH, 44256-7920",Catherine L. Aukerman,97.7,A,259,265,96.0,83.6
Highland Local,29691433.35,Morrow,6506 State Route 229,"Marengo, OH, 43334-0098",Daniel W. Freund,91.7,B,132,144,94.4,83.6
Eastern Local,8042554.41,Brown,11479 US Highway 62,"Winchester, OH, 45697-9690",Michele R. Filon,91.2,B,83,91,94.1,83.6
Eastern Local,8042554.41,Meigs,50008 State Route 681,"Reedsville, OH, 45772-9022",Steven P. Ohlinger,97.3,A,36,37,93.8,83.6
Eastern Local,8042554.41,Pike,1170 Tile Mill Rd,"Beaver, OH, 45613-9435",Neil E. Leist,88.3,C,53,60,88.4,83.6
Meigs Local,22135484.3,Meigs,41765 Pomeroy Pike,"Pomeroy, OH, 45769-9411",Scot F. Gheen,80.0,D,96,120,91.5,83.6
Southern Local,7550356.539999999,Columbiana,38095 State Route 39,"Salineville, OH, 43945-9726",John S. Wilson,92.2,B,59,64,91.8,83.6
Southern Local,7550356.539999999,Meigs,920 Elm St,"Racine, OH, 45771-8902",Anthony W. Deem,83.6,D,46,55,92.5,83.6
Southern Local,7550356.539999999,Perry,10397 State Route 155 SE # 1,"Corning, OH, 43730-9710",Ralph G. Holbert,94.9,A,37,39,91.8,83.6
Marion Local,7960219.74,Mercer,7956 State Route 119,"Maria Stein, OH, 45860-9710",Michael L. Pohlman,98.4,A,61,62,97.6,83.6
Parkway Local,12479046.21,Mercer,400 Buckeye St,"Rockford, OH, 45882-9267",Jean M. Osterfeld,92.4,B,73,79,94.6,83.6
St Henry Consolidated Local,9283430.540000001,Mercer,391 E Columbus St,"Saint Henry, OH, 45883-9574",Julie A. Garke,100.0,A,69,69,96.1,83.6
Fort Recovery Local,9826995.34,Mercer,PO Box 604,"Fort Recovery, OH, 45846-0604",Justin M. Firks,93.5,A,58,62,96.4,83.6
Bethel Local,11044645.0,Miami,7490 State Route 201,"Tipp City, OH, 45371-7316",Virginia D. Potter,94.7,A,72,76,95.9,83.6
Miami East Local,12177170.809999999,Miami,3825 N State Route 589,"Casstown, OH, 45312-9707",Todd A. Rappold,98.9,A,91,92,95.3,83.6
Newton Local,6392969.4,Miami,PO Box 803,"Pleasant Hill, OH, 45359-0803",Pat L. McBride,93.3,A,42,45,95.7,83.6
Switzerland of Ohio Local,29098964.26,Monroe,304 Mill St,"Woodsfield, OH, 43793-1256",Jeffrey S. Greenley,82.2,D,148,180,91.4,83.6
Brookville Local,13301657.719999999,Montgomery,75 June Pl,"Brookville, OH, 45309-1621",Timothy L. Hopkins,94.4,A,117,124,94.9,83.6
Jefferson Township Local,5794400.42,Montgomery,2625 S Union Rd,"Dayton, OH, 45417-5535",Richard Gates,82.4,D,28,34,86.9,83.6
Trotwood-Madison City,31479259.31,Montgomery,3594 N Snyder Rd,"Trotwood, OH, 45426-3835",Kevin A. Bell,79.3,D,142,179,81.7,83.6
Mad River Local,44534797.7,Montgomery,801 Old Harshman Rd,"Dayton, OH, 45431-1238",Chad M. Wyen,81.3,D,165,203,88.8,83.6
New Lebanon Local,11250695.01,Montgomery,320 S Fuls Rd,"New Lebanon, OH, 45345",Greg A. Williams,87.5,C,91,104,91.5,83.6
Northmont City,56271295.71,Montgomery,4001 Old Salem Rd,"Englewood, OH, 45322-2681",Anthony R. Thomas,96.6,A,394,408,91.7,83.6
Northridge Local,21121651.3,Licking,6066 Johnstown Utica Rd,"Johnstown, OH, 43031-9408",Scott A. Schmidt,97.2,A,106,109,95.8,83.6
Northridge Local,21121651.3,Montgomery,2008 Timber Ln,"Dayton, OH, 45414-4528",David A. Jackson,87.9,C,102,116,83.4,83.6
Valley View Local,20077464.38,Montgomery,59 Peffley St,"Germantown, OH, 45327-1021",Richard S. Earley,95.5,A,128,134,94.6,83.6
Huber Heights City,59853250.769999996,Montgomery,5954 Longford Rd,"Huber Heights, OH, 45424-2943",Susan M. Gunnell,87.1,C,411,472,88.2,83.6
Morgan Local,21803471.28,Morgan,PO Box 509,"Mc Connelsville, OH, 43756-0509",Lori A. Snyder-Lowe,90.3,B,158,175,92.3,83.6
Cardington-Lincoln Local,11706754.969999999,Morrow,121 Nichols St,"Cardington, OH, 43315-1121",Christopher B. Petrie,85.3,C,58,68,93.7,83.6
Highland Local,18269710.32,Medina,3880 Ridge Rd,"Medina, OH, 44256-7920",Catherine L. Aukerman,97.7,A,259,265,96.0,83.6
Highland Local,18269710.32,Morrow,6506 State Route 229,"Marengo, OH, 43334-0098",Daniel W. Freund,91.7,B,132,144,94.4,83.6
Northmor Local,10644369.14,Morrow,5247 County Road 29,"Galion, OH, 44833-9742",Chad A. Redmon,94.2,A,65,69,93.9,83.6
East Muskingum Local,19274460.98,Muskingum,13505 John Glenn School Rd,"New Concord, OH, 43762-9702",Jill R. Sheridan,94.1,A,159,169,93.9,83.6
Franklin Local,20776278.490000002,Muskingum,PO Box 428,"Duncan Falls, OH, 43734-0428",Sharon A. McDermott,98.0,A,150,153,90.2,83.6
Maysville Local,20854956.33,Muskingum,3715 Panther Dr,"Zanesville, OH, 43701-7086",Ruth E. Zitnik,97.1,A,166,171,89.9,83.6
Tri-Valley Local,27956451.900000002,Muskingum,36 E Muskingum Ave,"Dresden, OH, 43821-9701",Mark K. Neal,93.3,A,224,240,93.2,83.6
West Muskingum Local,14477895.63,Muskingum,4880 West Pike,"Zanesville, OH, 43701-9390",Chad J. Shawger,97.5,A,118,121,92.1,83.6
Noble Local,12394274.02,Noble,20977 Zep Rd E,"Sarahsville, OH, 43779-9702",Daniel C. Leffingwell,82.9,D,63,76,91.9,83.6
Benton Carroll Salem Local,17517710.04,Ottawa,11685 W State Route 163,"Oak Harbor, OH, 43449-1278",Guy L. Parmigian,96.3,A,130,135,93.8,83.6
Danbury Local,8839441.629999999,Ottawa,9451 E Harbor Rd,"Lakeside Marblehead, OH, 43440-1310",Daniel P. Parent,93.8,A,30,32,96.5,83.6
Genoa Area Local,11736991.22,Ottawa,2810 N Genoa Clay Center Rd,"Genoa, OH, 43430-9730",Michael G. Ferguson,97.6,A,121,124,95.2,83.6
Middle Bass Local,107933.71,,,,,,,,,,
North Bass Local,44952.36,,,,,,,,,,
Put-In-Bay Local,2581440.8600000003,Ottawa,PO Box 659,"Put In Bay, OH, 43456-0659",Steven J. Poe,NC,NR,NC,NC,92.8,83.6
Antwerp Local,7921497.72,Paulding,303 S. Harrmann Rd,"Antwerp, OH, 45813",Martin A. Miller,98.0,A,50,51,94.4,83.6
Wayne Trace Local,11229121.82,Paulding,4915 US Route 127,"Haviland, OH, 45851-9738",Benjamin A. Winans,94.4,A,68,72,94.5,83.6
Northern Local,22778794.1,Perry,8700 Sheridan Dr,"Thornville, OH, 43076-9757",Thomas P. Perkins,91.7,B,176,192,92.8,83.6
Southern Local,9427379.469999999,Columbiana,38095 State Route 39,"Salineville, OH, 43945-9726",John S. Wilson,92.2,B,59,64,91.8,83.6
Southern Local,9427379.469999999,Meigs,920 Elm St,"Racine, OH, 45771-8902",Anthony W. Deem,83.6,D,46,55,92.5,83.6
Southern Local,9427379.469999999,Perry,10397 State Route 155 SE # 1,"Corning, OH, 43730-9710",Ralph G. Holbert,94.9,A,37,39,91.8,83.6
Logan Elm Local,18619127.57,Pickaway,9579 Tarlton Rd,"Circleville, OH, 43113-9448",Timothy L. Williams,95.4,A,166,174,92.9,83.6
Teays Valley Local,36621254.730000004,Pickaway,385 Viking Way,"Ashville, OH, 43103-9638",Robin N. Halley,90.7,B,273,301,93.1,83.6
Westfall Local,15736435.65,Pickaway,19463 Pherson Pike,"Williamsport, OH, 43164-9745",Lynn P. Landis,91.7,B,111,121,94.2,83.6
Eastern Local School District,10918949.72,,,,,,,,,,
Scioto Valley Local,15478674.69,Pike,PO Box 600,"Piketon, OH, 45661-0600",Todd A. Burkitt,84.9,C,101,119,93.4,83.6
Waverly City,18004935.43,Pike,1 Tiger Dr,"Waverly, OH, 45690-8704",John E. Dickens,86.9,C,126,145,89.6,83.6
Western Local,10162028.43,Pike,PO Box 130,"Latham, OH, 45646-0130",Brock D. Brewster,77.4,F,41,53,89.6,83.6
Aurora City,34148935.38,Portage,102 E Garfield Rd,"Aurora, OH, 44202-8854",Pat R. Ciccantelli,97.3,A,249,256,96.0,83.6
Crestwood Local,19843703.85,Portage,11260 Bowen Rd,"Mantua, OH, 44255-9454",David M. Toth,93.1,A,163,175,95.0,83.6
Field Local,18126088.47,Portage,2900 State Route 43,"Mogadore, OH, 44260-9715",David O. Heflinger,90.6,B,154,170,93.9,83.6
James A Garfield Local,14045202.739999998,Portage,10235 State Route 88,"Garrettsville, OH, 44231-9205",Ted A. Lysiak,94.8,A,110,116,94.7,83.6
Rootstown Local,11545359.19,Portage,4140 State Route 44,"Rootstown, OH, 44272-9697",Andrew A. Hawkins,92.8,B,90,97,95.7,83.6
Southeast Local,18947709.68,Portage,8245 Tallmadge Rd,"Ravenna, OH, 44266-8547",Robert C. Dunn,91.7,B,132,144,94.2,83.6
Southeast Local,18947709.68,Wayne,9048 Dover Rd,"Apple Creek, OH, 44606-9408",James J. Ritchie,96.2,A,101,105,93.0,83.6
Streetsboro City,22629898.16,Portage,9000 Kirby Ln,"Streetsboro, OH, 44241-1725",Richard M. Daulbaugh,92.2,B,141,153,93.5,83.6
Waterloo Local,10336352.18,Portage,1464 Industry Rd,"Atwater, OH, 44201-9349",Shawn M. Braman,95.8,A,91,95,94.3,83.6
National Trail Local,11256783.51,Preble,6940 Oxford Gettysburg Rd,"New Paris, OH, 45347-9065",Jeff J. Parker,100.0,A,62,62,93.0,83.6
Preble Shawnee Local,14558173.469999999,Preble,124 Bloomfield St,"Camden, OH, 45311-1154",Matt M. Bishop,87.1,C,88,101,93.3,83.6
Twin Valley Community Local,8637349.35,Preble,100 Education Dr,"West Alexandria, OH, 45381-1184",Robert O. Fischer,97.3,A,72,74,93.5,83.6
Columbus Grove Local,8464713.46,Putnam,201 W Cross St,"Columbus Grove, OH, 45830-1237",George N. Verhoff,100.0,A,81,81,95.1,83.6
Continental Local,5665191.43,Putnam,5211 State Route 634,"Continental, OH, 45831-9155",Danny F. Kissell,94.7,A,36,38,94.2,83.6
Jennings Local,3754834.3000000003,Putnam,PO Box 98,"Fort Jennings, OH, 45844-0098",Nicholas T. Langhals,100.0,A,32,32,96.5,83.6
Kalida Local,5949715.84,Putnam,PO Box 269,"Kalida, OH, 45853-0269",Karl D. Lammers,96.5,A,55,57,95.0,83.6
Leipsic Local,6277615.3100000005,Putnam,232 Oak St,"Leipsic, OH, 45856-1312",Greg A. Williamson,98.2,A,55,56,91.9,83.6
Miller City-New Cleveland Local,4684804.19,Putnam,PO Box 38,"Miller City, OH, 45864-0038",Kerry D. Johnson,100.0,A,34,34,97.8,83.6
Ottawa-Glandorf Local,14524137.46,Putnam,630 Glendale Ave,"Ottawa, OH, 45875-1162",Donald T. Horstman,97.0,A,129,133,95.0,83.6
Ottoville Local,4992721.4399999995,Putnam,PO Box 248,"Ottoville, OH, 45876-0248",Scott J. Mangas,100.0,A,24,24,96.0,83.6
Pandora-Gilboa Local,6319051.1,Putnam,410 Rocket Ridge,"Pandora, OH, 45877-0389",R. Todd T. Schmutz,93.3,A,42,45,96.8,83.6
Clear Fork Valley Local,16341586.399999999,Richland,92 Hines Ave,"Bellville, OH, 44813-1232",Janice J. Wyckoff,97.0,A,130,134,94.2,83.6
Crestview Local,11166043.73,Columbiana,44100 Crestview Rd Ste A,"Columbiana, OH, 44408-9660",Matthew T. Manley,98.9,A,94,95,94.5,83.6
Crestview Local,11166043.73,Richland,1575 State Route 96,"Ashland, OH, 44805-9262",Larry R. Dunlap,98.8,A,85,86,93.8,83.6
Crestview Local,11166043.73,Van Wert,531 E Tully St,"Convoy, OH, 45832-8864",Michael Y. Estes,98.2,A,54,55,94.8,83.6
Lexington Local,22118581.52,Richland,103 Clever Ln,"Lexington, OH, 44904-1209",James M. Ziegelhofer,95.6,A,172,180,94.2,83.6
Lucas Local,5444186.63,Richland,84 Lucas North Rd,"Lucas, OH, 44843-9532",Bradley A. Herman,93.9,A,46,49,95.5,83.6
Madison Local,32372247.18,Butler,1324 Middletown Eaton Rd,"Middletown, OH, 45042-1525",Charles C. Philpot,94.2,A,113,120,93.8,83.6
Madison Local,32372247.18,Lake,1956 Red Bird Rd,"Madison, OH, 44057-2122",Angela M. Smith,89.1,B,238,267,94.0,83.6
Madison Local,32372247.18,Richland,1379 Grace St,"Mansfield, OH, 44905-2742",Shelley L. Hilderbrand,90.3,B,186,206,90.9,83.6
Plymouth-Shiloh Local,8710224.27,Richland,365 Sandusky St,"Plymouth, OH, 44865-1135",James E. Metcalf,96.8,A,61,63,92.2,83.6
Ontario Local,16120957.8,Richland,457 Shelby Ontario Rd,"Mansfield, OH, 44906-1029",Lisa A. Carmichael,98.6,A,142,144,92.5,83.6
Adena Local,10953341.77,Ross,3367 County Road 550,"Frankfort, OH, 45628-9503",John W. Balzer,93.7,A,74,79,93.6,83.6
Huntington Local,13590918.379999999,Ross,188 Huntsman Rd,"Chillicothe, OH, 45601-9378",Peter T. Ruby,83.5,D,91,109,89.7,83.6
Paint Valley Local,8838221.1,Ross,7454 Us Highway 50 W,"Bainbridge, OH, 45612-9708",Timothy J. Winland,85.7,C,60,70,92.8,83.6
Southeastern Local,11010191.11,Clark,226 Clifton Rd,"South Charleston, OH, 45368-9602",David M. Shea,92.6,B,50,54,94.9,83.6
Southeastern Local,11010191.11,Ross,2003 Lancaster Rd,"Chillicothe, OH, 45601-8213",Brian Justice,89.7,B,87,97,93.4,83.6
Union-Scioto Local,19617895.98,Ross,1565 Egypt Pike,"Chillicothe, OH, 45601-3974",Matthew G. Thornsberry,93.5,A,144,154,93.0,83.6
Zane Trace Local,13040091.100000001,Ross,946 State Route 180,"Chillicothe, OH, 45601-8141",Jerry L. Mowery,95.7,A,112,117,93.8,83.6
Lakota Local,11179520.65,Butler,5572 Princeton Rd,"Liberty Township, OH, 45011-9726",Matthew J. Miller,94.0,A,1195,1271,95.3,83.6
Lakota Local,11179520.65,Sandusky,5200 County Road 13,"Kansas, OH, 44841-9617",Chad D. Coffman,97.4,A,74,76,94.7,83.6
Woodmore Local,10607454.84,Sandusky,349 Rice St,"Elmore, OH, 43416-9404",Timothy S. Rettig,96.6,A,84,87,95.4,83.6
Bloom-Vernon Local,8981682.21,Scioto,PO Box 237,"South Webster, OH, 45682-0237",Marc L. Kreischer,100.0,A,42,42,93.5,83.6
Clay Local,5903921.88,Scioto,44 Clay High St,"Portsmouth, OH, 45662-8817",William T. Warnock,95.5,A,42,44,93.2,83.6
Green Local,6375339.8,Scioto,4070 Gallia Pike,"Franklin Furnace, OH, 45629-8889",Jodi B. Armstrong,88.9,C,32,36,93.0,83.6
Green Local,6375339.8,Summit,PO Box 218,"Green, OH, 44232-0218",Jeffrey L. Miller II,97.5,A,308,316,94.3,83.6
Green Local,6375339.8,Wayne,PO Box 438,"Smithville, OH, 44677-0438",Dean E. Frank,95.1,A,97,102,95.0,83.6
Minford Local,13105329.610000001,Scioto,PO Box 204,"Minford, OH, 45653-0204",Jeremy A. Litteral,93.4,A,113,121,93.2,83.6
Northwest Local,17040976.9,Hamilton,3240 Banning Rd,"Cincinnati, OH, 45239-5207",Todd D. Bowling,91.5,B,610,667,87.9,83.6
Northwest Local,17040976.9,Scioto,800 Mohawk Dr,"Mc Dermott, OH, 45652-9000",Anthony T. Jenkins,98.4,A,120,122,89.8,83.6
Northwest Local,17040976.9,Stark,2309 Locust St S,"Canal Fulton, OH, 44614-9389",Michael R. Shreffler,95.1,A,136,143,94.7,83.6
Valley Local,10618275.559999999,Scioto,1821 State Route 728,"Lucasville, OH, 45648-8510",Jeffrey S. Rolfe,98.8,A,81,82,93.2,83.6
Washington-Nile Local,15299788.38,Scioto,15332 Us Highway 52,"West Portsmouth, OH, 45663-9093",Donald J. Stricklett,97.2,A,105,108,93.2,83.6
Wheelersburg Local,12827169.17,Scioto,PO Box 340,"Wheelersburg, OH, 45694-0340",Mark W. Knapp,97.2,A,106,109,93.9,83.6
Seneca East Local,9216943.73,Seneca,13343 E US Highway 224,"Attica, OH, 44807-9301",Laura A. Kagy,100.0,A,77,77,94.9,83.6
Hopewell-Loudon Local,7564595.34,Seneca,PO Box 400,"Bascom, OH, 44809-0400",David R. Alvarado,96.8,A,61,63,94.5,83.6
New Riegel Local,4509813.75,Seneca,44 N Perry St,"New Riegel, OH, 44853-9776",David A. Rombach,100.0,A,25,25,96.4,83.6
Old Fort Local,6914622.68,Seneca,7635 N County Rd 51,"Tiffin, OH, 44883",Stephen J. Anway,97.1,A,34,35,94.4,83.6
Anna Local,11321487.129999999,Shelby,PO Box 169,"Anna, OH, 45302-0169",Andrew A. Bixler,98.9,A,90,91,96.0,83.6
Botkins Local,6129835.37,Shelby,404 E State St,"Botkins, OH, 45306-8006",Jeffrey T. McPheron,100.0,A,48,48,95.2,83.6
Fairlawn Local,5962819.17,Shelby,18800 Johnston Rd,"Sidney, OH, 45365-9755",Jeffrey R. Hobbs,100.0,A,46,46,95.7,83.6
Fort Loramie Local,7709822.5600000005,Shelby,PO Box 26,"Fort Loramie, OH, 45845-0026",Daniel B. Holland,97.5,A,77,79,96.0,83.6
Hardin-Houston Local,7821739.3100000005,Shelby,5300 Houston Rd,"Houston, OH, 45333-8630",Larry J. Claypool,89.0,B,65,73,94.5,83.6
Jackson Center Local,5097408.04,Shelby,PO Box 849,"Jackson Center, OH, 45334-0849",William M. Reichert,100.0,A,26,26,94.4,83.6
Russia Local,4036277.83,Shelby,100 School St,"Russia, OH, 45363-9811",Steven J. Rose,100.0,A,44,44,98.0,83.6
Canton Local,23541394.85,Stark,600 Faircrest St SE,"Canton, OH, 44707-1118",Stephen P. Milano,86.6,C,136,157,87.3,83.6
Fairless Local,13956307.41,Stark,11885 Navarre Rd SW,"Navarre, OH, 44662-9485",Broc A. Bidlack,93.9,A,123,131,93.0,83.6
Jackson Local,52185562.9,Stark,7602 Fulton Dr NW,"Massillon, OH, 44646-9393",Christopher A. Diloreto,98.4,A,508,516,95.5,83.6
Lake Local,31106345.29,Stark,436 King Church Ave SW,"Uniontown, OH, 44685-8220",Kevin T. Tobin,96.4,A,271,281,94.8,83.6
Lake Local,31106345.29,Wood,28090 Lemoyne Rd,"Millbury, OH, 43447-9747",James T. Witt,90.9,B,120,132,93.2,83.6
Louisville City,25584786.04,Stark,407 E Main St,"Louisville, OH, 44641-1419",Michele M. Shaffer,96.3,A,234,243,94.1,83.6
Marlington Local,21426185.23,Stark,10320 Moulin Ave NE,"Alliance, OH, 44601-5906",Joseph A. Knoll,95.6,A,172,180,93.7,83.6
Minerva Local,15659257.98,Stark,406 East St,"Minerva, OH, 44657-1429",Gary M. Chaddock,93.3,A,152,163,92.8,83.6
Northwest Local,18576030.9,Hamilton,3240 Banning Rd,"Cincinnati, OH, 45239-5207",Todd D. Bowling,91.5,B,610,667,87.9,83.6
Northwest Local,18576030.9,Scioto,800 Mohawk Dr,"Mc Dermott, OH, 45652-9000",Anthony T. Jenkins,98.4,A,120,122,89.8,83.6
Northwest Local,18576030.9,Stark,2309 Locust St S,"Canal Fulton, OH, 44614-9389",Michael R. Shreffler,95.1,A,136,143,94.7,83.6
Osnaburg Local,7835841.449999999,Stark,310 Browning Ct N,"East Canton, OH, 44730-1248",Todd D. Boggs,93.5,A,58,62,93.2,83.6
Perry Local,44408528.15,Allen,2770 E Breese Rd,"Lima, OH, 45806-9743",Alison R. Van Gorder,85.5,C,47,55,88.3,83.6
Perry Local,44408528.15,Lake,4325 Manchester Ave,"Perry, OH, 44081-9413",Jack K. Thompson,92.8,B,128,138,94.1,83.6
Perry Local,44408528.15,Stark,4201 13th St SW,"Massillon, OH, 44646-3447",Scott A. Beatty,97.2,A,383,394,92.3,83.6
Plain Local,49655303.79,Stark,901 44th St NW,"Canton, OH, 44709-1611",Brent W. May,92.9,B,404,435,90.7,83.6
Sandy Valley Local,13832703.899999999,Stark,5362 State Route 183 NE,"Magnolia, OH, 44643-8481",David J. Fischer,90.4,B,113,125,93.0,83.6
Tuslaw Local,11646720.969999999,Stark,1835 Manchester Ave NW,"Massillon, OH, 44647-9623",Melissa M. Marconi,97.2,A,137,141,94.7,83.6
Woodridge Local,24874762.91,Summit,4411 Quick Rd,"Peninsula, OH, 44264-9706",Walter C. Davis,92.2,B,130,141,94.1,83.6
Copley-Fairlawn City,32479150.77,Summit,3797 Ridgewood Rd,"Copley, OH, 44321-1665",Brian E. Poe,96.1,A,248,258,96.1,83.6
Coventry Local,18805027.259999998,Summit,2910 S Main St,"Akron, OH, 44319-1849",Russell A. Chaboudy,93.7,A,179,191,92.9,83.6
Manchester Local,13705251.66,Adams,130 Wayne Frye Dr,"Manchester, OH, 45144-9314",Brian E. Rau,95.4,A,62,65,90.6,83.6
Manchester Local,13705251.66,Summit,6075 Manchester Rd,"Akron, OH, 44319-4654",James E. Robinson,99.0,A,102,103,95.3,83.6
Green Local,37693094.07,Scioto,4070 Gallia Pike,"Franklin Furnace, OH, 45629-8889",Jodi B. Armstrong,88.9,C,32,36,93.0,83.6
Green Local,37693094.07,Summit,PO Box 218,"Green, OH, 44232-0218",Jeffrey L. Miller II,97.5,A,308,316,94.3,83.6
Green Local,37693094.07,Wayne,PO Box 438,"Smithville, OH, 44677-0438",Dean E. Frank,95.1,A,97,102,95.0,83.6
Hudson City,59212402.19,Summit,2400 Hudson Aurora Rd,"Hudson, OH, 44236-2322",Phillip T. Herman,97.8,A,392,401,96.8,83.6
Mogadore Local,9915994.41,Summit,1 S Cleveland Ave,"Mogadore, OH, 44260-1514",John A. Knapp,94.2,A,65,69,93.9,83.6
Nordonia Hills City,41416650.54,Summit,9370 Olde Eight Rd,"Northfield, OH, 44067",Joseph P. Clark,97.2,A,313,322,95.2,83.6
Revere Local,34850424.89,Summit,PO Box 340,"Bath, OH, 44210-0340",Matthew L. Montgomery,96.5,A,194,201,96.8,83.6
Springfield Local,24987644.779999997,Lucas,6900 Hall St,"Holland, OH, 43528-9485",Matthew K. Geha,92.1,B,268,291,94.1,83.6
Springfield Local,24987644.779999997,Mahoning,PO Box 549,"New Middletown, OH, 44442-0549",Thomas Yazvac,98.7,A,74,75,94.9,83.6
Springfield Local,24987644.779999997,Summit,2410 Massillon Rd,"Akron, OH, 44312-4258",Charles Sincere,87.4,C,180,206,89.5,83.6
Twinsburg City,44460907.3,Summit,11136 Ravenna Rd,"Twinsburg, OH, 44087-1022",Kathryn M. Powers,98.8,A,325,329,95.4,83.6
Bloomfield-Mespo Local,3606765.37,Trumbull,2077 Park Rd W,"North Bloomfield, OH, 44450-0730",John R. Sheets,86.7,C,13,15,93.5,83.6
Bristol Local,6085227.5600000005,Trumbull,PO Box 260,"Bristolville, OH, 44402-0260",Christopher J. Dray,94.2,A,49,52,93.5,83.6
Brookfield Local,9520756.68,Trumbull,614 Bedford Rd SE,"Brookfield, OH, 44403-9756",Velina J. Taylor,93.7,A,89,95,91.5,83.6
Champion Local,13788066.540000001,Trumbull,5976 Mahoning Ave NW,"Warren, OH, 44483-1144",Pamela F. Hood,93.5,A,101,108,94.2,83.6
Mathews Local,8020291.899999999,Trumbull,4096 Cadwallader Sonk Rd,"Cortland, OH, 44410-9445",Lewis L. Lowery,94.6,A,53,56,94.8,83.6
Howland Local,28514927.72,Trumbull,8200 South St SE,"Warren, OH, 44484-2447",Kevin R. Spicher,88.2,C,194,220,94.0,83.6
Joseph Badger Local,7931452.82,Trumbull,7119 State Route 7,"Kinsman, OH, 44428-9788",David D. Bair,87.1,C,54,62,94.5,83.6
Lakeview Local,14936471.879999999,Trumbull,300 Hillman Dr,"Cortland, OH, 44410-1562",Robert A. Wilson,95.7,A,134,140,94.9,83.6
Liberty Local,14000126.260000002,Trumbull,4115 Shady Rd,"Youngstown, OH, 44505-1353",Joseph S. Nohra,90.0,B,81,90,88.9,83.6
Lordstown Local,7530889.15,Trumbull,1824 Salt Springs Rd,"Warren, OH, 44481-9735",Terry P. Armstrong,92.7,B,38,41,95.5,83.6
Maplewood Local,8483815.95,Trumbull,2414 Greenville Rd,"Cortland, OH, 44410-9648",Perry D. Nicholas,100.0,A,60,60,92.9,83.6
McDonald Local,6929057.12,Trumbull,600 Iowa Ave,"Mc Donald, OH, 44437-1677",Kevin R. O'Connell,94.2,A,65,69,95.0,83.6
Southington Local,5000590.08,Trumbull,2482 State Route 534,"Southington, OH, 44470-9524",Rocco Nero,93.8,A,45,48,93.3,83.6
LaBrae Local,12540963.07,Trumbull,1001 N Leavitt Rd,"Leavittsburg, OH, 44430-9644",Anthony J. Calderone,96.8,A,122,126,90.1,83.6
Weathersfield Local,9442589.540000001,Trumbull,1334 Seaborn St,"Mineral Ridge, OH, 44440-9571",Damon J. Dohar,95.2,A,79,83,92.4,83.6
Garaway Local,11256713.39,Tuscarawas,146 Dover Rd NW,"Sugarcreek, OH, 44681-9309",James A. Millet,92.7,B,76,82,93.8,83.6
Indian Valley Local,17283280.27,Tuscarawas,PO Box 171,"Gnadenhutten, OH, 44629-0171",Gary I. Wentworth,96.7,A,117,121,93.0,83.6
Strasburg-Franklin Local,5886058.76,Tuscarawas,140 N Bodmer Ave,"Strasburg, OH, 44680-1122",Cynthia L. Brown,100.0,A,54,54,94.5,83.6
Tuscarawas Valley Local,13180406.04,Tuscarawas,2637 Tuscarawas Valley Rd NE,"Zoarville, OH, 44656-9692",Mark A. Murphy,96.6,A,114,118,94.2,83.6
Fairbanks Local,11803640.99,Union,11158 State Route 38,"Milford Center, OH, 43045-9764",Robert J. Humble,96.4,A,80,83,96.4,83.6
North Union Local School District,17200188.24,Union,12920 State Route 739,"Richwood, OH, 43344-9728",Richard J. Baird,93.7,A,104,111,93.0,83.6
Crestview Local,10033391.44,Columbiana,44100 Crestview Rd Ste A,"Columbiana, OH, 44408-9660",Matthew T. Manley,98.9,A,94,95,94.5,83.6
Crestview Local,10033391.44,Richland,1575 State Route 96,"Ashland, OH, 44805-9262",Larry R. Dunlap,98.8,A,85,86,93.8,83.6
Crestview Local,10033391.44,Van Wert,531 E Tully St,"Convoy, OH, 45832-8864",Michael Y. Estes,98.2,A,54,55,94.8,83.6
Lincolnview Local,8781905.64,Van Wert,15945 Middle Point Rd,"Van Wert, OH, 45891-9769",Jeffrey T. Snyder,100.0,A,66,66,94.5,83.6
Vinton County Local,25881946.35,Vinton,307 W High St,"Mc Arthur, OH, 45651-1093",Rick L. Brooks,87.6,C,155,177,89.8,83.6
Carlisle Local,16219449.75,Warren,724 Fairview Dr,"Carlisle, OH, 45005-3148",Larry R. Hook,90.8,B,108,119,94.4,83.6
Springboro Community City,48512652.42,Warren,1685 S Main St,"Springboro, OH, 45066-1524",Daniel J. Schroer,95.6,A,414,433,96.6,83.6
Kings Local,45518366.28,Warren,1797 King Ave,"Kings Mills, OH, 45034",Timothy A. Ackermann,93.2,A,288,309,96.4,83.6
Little Miami Local,40663163.41,Warren,7247 Zoar Rd,"Maineville, OH, 45039-8098",Gregory Power,96.1,A,269,280,94.8,83.6
Mason City,110515464.01,Warren,211 N East St,"Mason, OH, 45040-1760",Gail E. Kist,97.1,A,848,873,96.0,83.6
Wayne Local,12889275.52,Warren,659 Dayton Rd,"Waynesville, OH, 45068-9588",Patrick E. Dubbs,97.4,A,113,116,95.9,83.6
Fort Frye Local,9822700.45,Washington,510 5th St,"Beverly, OH, 45715-8916",Stephanie D. Starcher,96.0,A,72,75,91.8,83.6
Frontier Local,7726614.449999999,Washington,44870 State Route 7,"New Matamoras, OH, 45767-6149",Brian J. Rentsch,92.5,B,49,53,94.6,83.6
Warren Local,20495168.73,Washington,220 Sweetapple Rd,"Vincent, OH, 45784-5005",Kyle R. Newton,92.0,B,161,175,95.0,83.6
Wolf Creek Local,7288363.720000001,Washington,PO Box 67,"Waterford, OH, 45786-0067",Douglas A. Baldwin,93.9,A,46,49,92.9,83.6
Chippewa Local,12482386.84,Wayne,56 N Portage St,"Doylestown, OH, 44230-1350",Sandra J. Stebly,99.1,A,112,113,94.9,83.6
Dalton Local,8284254.15,Wayne,PO Box 514,"Dalton, OH, 44618-0514",James R. Saxer,97.2,A,70,72,94.9,83.6
Green Local,10659911.28,Scioto,4070 Gallia Pike,"Franklin Furnace, OH, 45629-8889",Jodi B. Armstrong,88.9,C,32,36,93.0,83.6
Green Local,10659911.28,Summit,PO Box 218,"Green, OH, 44232-0218",Jeffrey L. Miller II,97.5,A,308,316,94.3,83.6
Green Local,10659911.28,Wayne,PO Box 438,"Smithville, OH, 44677-0438",Dean E. Frank,95.1,A,97,102,95.0,83.6
Norwayne Local,11695114.93,Wayne,350 S Main St,"Creston, OH, 44217-9665",Karen E. O'Hare,92.4,B,85,92,94.1,83.6
Northwestern Local,16247744.11,Clark,5610 Troy Rd,"Springfield, OH, 45502-9032",Jesse D. Steiner,95.3,A,141,148,94.8,83.6
Northwestern Local,16247744.11,Wayne,7571 N Elyria Rd,"West Salem, OH, 44287-9707",Jeffrey N. Layton,94.4,A,85,90,93.3,83.6
Southeast Local,16476318.110000001,Portage,8245 Tallmadge Rd,"Ravenna, OH, 44266-8547",Robert C. Dunn,91.7,B,132,144,94.2,83.6
Southeast Local,16476318.110000001,Wayne,9048 Dover Rd,"Apple Creek, OH, 44606-9408",James J. Ritchie,96.2,A,101,105,93.0,83.6
Triway Local,18219687.35,Wayne,3205 Shreve Rd,"Wooster, OH, 44691-4439",Nathan G. Schindewolf,94.7,A,124,131,93.2,83.6
Edgerton Local,5966223.58,Williams,111 E River St,"Edgerton, OH, 43517-9623",Kermit E. Riehle,98.0,A,50,51,94.1,83.6
Edon Northwest Local,6074462.32,Williams,802 W Indiana St,"Edon, OH, 43518-9627",Anthony J. Stevens,94.1,A,32,34,94.8,83.6
Millcreek-West Unity Local,6031045.32,Williams,1401 W Jackson St,"West Unity, OH, 43570-9465",Larry E. Long,94.0,A,47,50,93.9,83.6
North Central Local,6721477.949999999,Williams,400 E Baubice St,"Pioneer, OH, 43554-9637",William D. Hanak,93.8,A,30,32,95.4,83.6
Stryker Local,4507378.64,Williams,400 S Defiance St,"Stryker, OH, 43557-9307",Nate R. Johnson,100.0,A,27,27,94.7,83.6
Eastwood Local,15967049.459999999,Wood,4800 Sugar Ridge Rd,"Pemberville, OH, 43450-9626",William B. Welker,97.7,A,127,130,96.1,83.6
Elmwood Local,13034785.82,Wood,7650 Jerry City Rd,"Bloomdale, OH, 44817-9763",Tony D. Borton,97.8,A,88,90,95.3,83.6
Lake Local,15045645.87,Stark,436 King Church Ave SW,"Uniontown, OH, 44685-8220",Kevin T. Tobin,96.4,A,271,281,94.8,83.6
Lake Local,15045645.87,Wood,28090 Lemoyne Rd,"Millbury, OH, 43447-9747",James T. Witt,90.9,B,120,132,93.2,83.6
North Baltimore Local,8373557.640000001,Wood,201 S Main St,"North Baltimore, OH, 45872-1354",Ryan G. Delaney,94.7,A,54,57,92.8,83.6
Northwood Local Schools,10944546.0,Wood,600 Lemoyne Rd,"Northwood, OH, 43619-1810",Gregory A. Clark,94.0,A,78,83,92.0,83.6
Otsego Local,14551328.629999999,Wood,18505 Tontogany Creek Rd Ste 1,"Bowling Green, OH, 43402-0290",Adam E. Koch,95.7,A,110,115,95.7,83.6
Mohawk Local,9559565.530000001,Wyandot,295 State Highway 231,"Sycamore, OH, 44882-9434",Kenneth D. Ratliff,97.1,A,68,70,95.7,83.6
Adams County Ohio Valley Local,42367885.19,Adams,141 Lloyd Rd,"West Union, OH, 45693-8974",Richard A. Seas,91.6,B,274,299,93.1,83.6
College Corner Local,307135.61,,,,,,,,,,
Gallia County Local,27694678.77,Gallia,4836 State Route 325,"Patriot, OH, 45658-8960",Jude E. Meyers,96.3,A,154,160,89.0,83.6
East Guernsey Local,12658196.77,Guernsey,PO Box 128,"Old Washington, OH, 43768-0128",Adam M. Pittis,94.8,A,73,77,93.8,83.6
Tri-County North Local,9003085.05,Preble,436 N Commerce St,"Lewisburg, OH, 45338-0040",William K. Derringer,92.4,B,85,92,95.0,83.6
Monroe Local,22095497.31,Butler,500 Yankee Rd,"Monroe, OH, 45050-1068",Philip F. Cagwin,95.6,A,151,158,93.3,83.6
